base_de_datos,modelo,id_pregunta,latencia_embedding_ms,latencia_db_ms,latencia_total_ms
Chroma_Docker,all-MiniLM-L6-v2,0,27.29,47.38,74.67
Chroma_Docker,all-MiniLM-L6-v2,1,8.92,46.61,55.54
Chroma_Docker,all-MiniLM-L6-v2,2,7.42,44.61,52.04
Chroma_Docker,all-MiniLM-L6-v2,3,8.64,47.26,55.9
Chroma_Docker,all-MiniLM-L6-v2,4,7.04,44.87,51.91
Chroma_Docker,all-MiniLM-L6-v2,5,7.01,45.28,52.29
Chroma_Docker,all-MiniLM-L6-v2,6,7.81,47.78,55.59
Chroma_Docker,all-MiniLM-L6-v2,7,6.62,45.44,52.06
Chroma_Docker,all-MiniLM-L6-v2,8,6.77,45.29,52.06
Chroma_Docker,all-MiniLM-L6-v2,9,9.36,46.75,56.11
Chroma_Docker,all-MiniLM-L6-v2,10,8.95,46.53,55.49
Chroma_Docker,all-MiniLM-L6-v2,11,8.99,47.31,56.3
Chroma_Docker,all-MiniLM-L6-v2,12,7.98,47.95,55.93
Chroma_Docker,all-MiniLM-L6-v2,13,7.3,44.66,51.97
Chroma_Docker,all-MiniLM-L6-v2,14,6.29,46.63,52.91
Chroma_Docker,all-MiniLM-L6-v2,15,7.81,47.4,55.22
Chroma_Docker,all-MiniLM-L6-v2,16,9.12,46.8,55.92
Chroma_Docker,all-MiniLM-L6-v2,17,8.5,51.67,60.17
Chroma_Docker,all-MiniLM-L6-v2,18,10.04,45.95,55.99
Chroma_Docker,all-MiniLM-L6-v2,19,9.12,46.53,55.65
Chroma_Docker,all-MiniLM-L6-v2,20,7.56,45.04,52.6
Chroma_Docker,all-MiniLM-L6-v2,21,7.17,44.51,51.69
Chroma_Docker,all-MiniLM-L6-v2,22,6.99,44.61,51.6
Chroma_Docker,all-MiniLM-L6-v2,23,7.02,45.02,52.04
Chroma_Docker,all-MiniLM-L6-v2,24,7.39,44.71,52.1
Chroma_Docker,all-MiniLM-L6-v2,25,7.6,44.66,52.26
Chroma_Docker,all-MiniLM-L6-v2,26,8.67,47.1,55.78
Chroma_Docker,all-MiniLM-L6-v2,27,6.73,45.12,51.85
Chroma_Docker,all-MiniLM-L6-v2,28,8.9,47.25,56.15
Chroma_Docker,all-MiniLM-L6-v2,29,6.81,45.16,51.97
Chroma_Docker,all-MiniLM-L6-v2,30,7.25,44.86,52.11
Chroma_Docker,all-MiniLM-L6-v2,31,8.26,47.25,55.51
Chroma_Docker,all-MiniLM-L6-v2,32,6.73,45.51,52.24
Chroma_Docker,all-MiniLM-L6-v2,33,9.12,47.12,56.24
Chroma_Docker,all-MiniLM-L6-v2,34,6.58,45.22,51.8
Chroma_Docker,all-MiniLM-L6-v2,35,7.45,44.57,52.02
Chroma_Docker,all-MiniLM-L6-v2,36,6.97,45.11,52.08
Chroma_Docker,all-MiniLM-L6-v2,37,8.68,47.07,55.75
Chroma_Docker,all-MiniLM-L6-v2,38,6.93,45.22,52.15
Chroma_Docker,all-MiniLM-L6-v2,39,7.44,44.48,51.92
Chroma_Docker,all-MiniLM-L6-v2,40,7.2,44.84,52.04
Chroma_Docker,all-MiniLM-L6-v2,41,8.08,47.68,55.76
Chroma_Docker,all-MiniLM-L6-v2,42,8.87,47.44,56.31
Chroma_Docker,all-MiniLM-L6-v2,43,8.1,51.89,59.99
Chroma_Docker,all-MiniLM-L6-v2,44,7.11,44.87,51.99
Chroma_Docker,all-MiniLM-L6-v2,45,8.74,51.14,59.88
Chroma_Docker,all-MiniLM-L6-v2,46,8.9,46.81,55.72
Chroma_Docker,all-MiniLM-L6-v2,47,6.22,46.18,52.4
Chroma_Docker,all-MiniLM-L6-v2,48,7.02,44.91,51.93
Chroma_Docker,all-MiniLM-L6-v2,49,8.03,47.67,55.7
Chroma_Docker,all-MiniLM-L6-v2,50,8.78,47.53,56.31
Chroma_Docker,all-MiniLM-L6-v2,51,6.68,45.6,52.28
Chroma_Docker,all-MiniLM-L6-v2,52,8.56,47.11,55.68
Chroma_Docker,all-MiniLM-L6-v2,53,6.98,45.17,52.14
Chroma_Docker,all-MiniLM-L6-v2,54,8.02,47.78,55.8
Chroma_Docker,all-MiniLM-L6-v2,55,8.31,47.88,56.19
Chroma_Docker,all-MiniLM-L6-v2,56,8.01,47.67,55.69
Chroma_Docker,all-MiniLM-L6-v2,57,6.51,45.72,52.23
Chroma_Docker,all-MiniLM-L6-v2,58,7.61,44.26,51.88
Chroma_Docker,all-MiniLM-L6-v2,59,7.05,44.77,51.81
Chroma_Docker,all-MiniLM-L6-v2,60,8.57,47.37,55.94
Chroma_Docker,all-MiniLM-L6-v2,61,8.57,47.51,56.08
Chroma_Docker,all-MiniLM-L6-v2,62,9.02,47.31,56.33
Chroma_Docker,all-MiniLM-L6-v2,63,8.53,47.07,55.6
Chroma_Docker,all-MiniLM-L6-v2,64,8.45,48.04,56.49
Chroma_Docker,all-MiniLM-L6-v2,65,8.83,46.82,55.65
Chroma_Docker,all-MiniLM-L6-v2,66,6.83,45.18,52.01
Chroma_Docker,all-MiniLM-L6-v2,67,8.97,47.02,55.99
Chroma_Docker,all-MiniLM-L6-v2,68,8.97,46.96,55.93
Chroma_Docker,all-MiniLM-L6-v2,69,8.5,47.5,56.0
Chroma_Docker,all-MiniLM-L6-v2,70,6.58,45.27,51.85
Chroma_Docker,all-MiniLM-L6-v2,71,8.86,47.52,56.38
Chroma_Docker,all-MiniLM-L6-v2,72,8.95,46.75,55.7
Chroma_Docker,all-MiniLM-L6-v2,73,8.59,47.27,55.86
Chroma_Docker,all-MiniLM-L6-v2,74,7.4,44.76,52.16
Chroma_Docker,all-MiniLM-L6-v2,75,8.48,47.72,56.2
Chroma_Docker,all-MiniLM-L6-v2,76,6.99,44.72,51.71
Chroma_Docker,all-MiniLM-L6-v2,77,8.55,47.4,55.95
Chroma_Docker,all-MiniLM-L6-v2,78,8.79,47.56,56.35
Chroma_Docker,all-MiniLM-L6-v2,79,8.79,47.09,55.88
Chroma_Docker,all-MiniLM-L6-v2,80,9.05,47.01,56.06
Chroma_Docker,all-MiniLM-L6-v2,81,6.68,45.15,51.83
Chroma_Docker,all-MiniLM-L6-v2,82,7.2,44.8,52.0
Chroma_Docker,all-MiniLM-L6-v2,83,8.53,47.19,55.72
Chroma_Docker,all-MiniLM-L6-v2,84,7.06,45.13,52.19
Chroma_Docker,all-MiniLM-L6-v2,85,8.86,47.25,56.11
Chroma_Docker,all-MiniLM-L6-v2,86,7.47,44.5,51.97
Chroma_Docker,all-MiniLM-L6-v2,87,8.4,47.68,56.08
Chroma_Docker,all-MiniLM-L6-v2,88,8.74,46.92,55.66
Chroma_Docker,all-MiniLM-L6-v2,89,8.98,47.22,56.2
Chroma_Docker,all-MiniLM-L6-v2,90,8.67,47.58,56.25
Chroma_Docker,all-MiniLM-L6-v2,91,7.55,44.12,51.68
Chroma_Docker,all-MiniLM-L6-v2,92,7.54,44.49,52.04
Chroma_Docker,all-MiniLM-L6-v2,93,6.99,44.92,51.9
Chroma_Docker,all-MiniLM-L6-v2,94,6.91,44.92,51.83
Chroma_Docker,all-MiniLM-L6-v2,95,8.58,47.47,56.05
Chroma_Docker,all-MiniLM-L6-v2,96,8.76,47.47,56.23
Chroma_Docker,all-MiniLM-L6-v2,97,7.52,44.28,51.8
Chroma_Docker,all-MiniLM-L6-v2,98,8.73,47.14,55.87
Chroma_Docker,all-MiniLM-L6-v2,99,6.4,45.81,52.2
Chroma_Docker,all-MiniLM-L6-v2,100,6.82,45.05,51.87
Chroma_Docker,all-MiniLM-L6-v2,101,6.42,46.68,53.1
Chroma_Docker,all-MiniLM-L6-v2,102,13.48,45.5,58.99
Chroma_Docker,all-MiniLM-L6-v2,103,9.52,46.46,55.98
Chroma_Docker,all-MiniLM-L6-v2,104,8.44,47.5,55.94
Chroma_Docker,all-MiniLM-L6-v2,105,9.64,46.44,56.08
Chroma_Docker,all-MiniLM-L6-v2,106,7.17,44.81,51.98
Chroma_Docker,all-MiniLM-L6-v2,107,8.71,47.21,55.91
Chroma_Docker,all-MiniLM-L6-v2,108,8.68,47.2,55.89
Chroma_Docker,all-MiniLM-L6-v2,109,8.67,47.45,56.12
Chroma_Docker,all-MiniLM-L6-v2,110,9.35,46.88,56.23
Chroma_Docker,all-MiniLM-L6-v2,111,7.62,43.94,51.56
Chroma_Docker,all-MiniLM-L6-v2,112,9.31,46.69,56.0
Chroma_Docker,all-MiniLM-L6-v2,113,7.4,44.82,52.22
Chroma_Docker,all-MiniLM-L6-v2,114,8.77,46.88,55.65
Chroma_Docker,all-MiniLM-L6-v2,115,8.41,47.9,56.31
Chroma_Docker,all-MiniLM-L6-v2,116,6.27,45.58,51.86
Chroma_Docker,all-MiniLM-L6-v2,117,8.76,47.38,56.14
Chroma_Docker,all-MiniLM-L6-v2,118,8.49,47.82,56.31
Chroma_Docker,all-MiniLM-L6-v2,119,11.42,47.86,59.28
Chroma_Docker,all-MiniLM-L6-v2,120,10.92,45.31,56.23
Chroma_Docker,all-MiniLM-L6-v2,121,8.86,46.99,55.85
Chroma_Docker,all-MiniLM-L6-v2,122,6.7,45.5,52.2
Chroma_Docker,all-MiniLM-L6-v2,123,8.65,47.43,56.07
Chroma_Docker,all-MiniLM-L6-v2,124,8.18,47.39,55.57
Chroma_Docker,all-MiniLM-L6-v2,125,7.9,44.34,52.24
Chroma_Docker,all-MiniLM-L6-v2,126,6.62,45.48,52.1
Chroma_Docker,all-MiniLM-L6-v2,127,6.12,46.1,52.22
Chroma_Docker,all-MiniLM-L6-v2,128,9.08,46.82,55.9
Chroma_Docker,all-MiniLM-L6-v2,129,8.33,47.9,56.23
Chroma_Docker,all-MiniLM-L6-v2,130,8.69,46.87,55.57
Chroma_Docker,all-MiniLM-L6-v2,131,9.55,46.71,56.26
Chroma_Docker,all-MiniLM-L6-v2,132,8.61,47.52,56.13
Chroma_Docker,all-MiniLM-L6-v2,133,8.61,47.06,55.67
Chroma_Docker,all-MiniLM-L6-v2,134,8.85,47.9,56.75
Chroma_Docker,all-MiniLM-L6-v2,135,8.88,46.23,55.11
Chroma_Docker,all-MiniLM-L6-v2,136,9.85,46.34,56.19
Chroma_Docker,all-MiniLM-L6-v2,137,8.82,47.12,55.94
Chroma_Docker,all-MiniLM-L6-v2,138,9.0,47.1,56.11
Chroma_Docker,all-MiniLM-L6-v2,139,9.07,46.95,56.02
Chroma_Docker,all-MiniLM-L6-v2,140,8.45,47.52,55.97
Chroma_Docker,all-MiniLM-L6-v2,141,8.36,47.53,55.89
Chroma_Docker,all-MiniLM-L6-v2,142,8.74,47.15,55.89
Chroma_Docker,all-MiniLM-L6-v2,143,6.66,45.36,52.02
Chroma_Docker,all-MiniLM-L6-v2,144,8.25,48.04,56.29
Chroma_Docker,all-MiniLM-L6-v2,145,6.39,45.3,51.69
Chroma_Docker,all-MiniLM-L6-v2,146,8.82,47.1,55.92
Chroma_Docker,all-MiniLM-L6-v2,147,7.18,44.94,52.12
Chroma_Docker,all-MiniLM-L6-v2,148,8.92,47.1,56.02
Chroma_Docker,all-MiniLM-L6-v2,149,6.99,44.76,51.76
Chroma_Docker,all-MiniLM-L6-v2,150,6.67,45.45,52.12
Chroma_Docker,all-MiniLM-L6-v2,151,7.7,44.27,51.98
Chroma_Docker,all-MiniLM-L6-v2,152,8.53,47.5,56.04
Chroma_Docker,all-MiniLM-L6-v2,153,8.58,47.53,56.11
Chroma_Docker,all-MiniLM-L6-v2,154,7.94,47.86,55.8
Chroma_Docker,all-MiniLM-L6-v2,155,8.69,47.38,56.08
Chroma_Docker,all-MiniLM-L6-v2,156,7.73,48.29,56.02
Chroma_Docker,all-MiniLM-L6-v2,157,8.04,48.28,56.32
Chroma_Docker,all-MiniLM-L6-v2,158,8.74,47.48,56.22
Chroma_Docker,all-MiniLM-L6-v2,159,10.17,45.11,55.29
Chroma_Docker,all-MiniLM-L6-v2,160,6.45,45.5,51.95
Chroma_Docker,all-MiniLM-L6-v2,161,7.84,44.28,52.12
Chroma_Docker,all-MiniLM-L6-v2,162,6.96,45.33,52.29
Chroma_Docker,all-MiniLM-L6-v2,163,8.21,47.26,55.47
Chroma_Docker,all-MiniLM-L6-v2,164,6.59,45.95,52.55
Chroma_Docker,all-MiniLM-L6-v2,165,7.03,44.36,51.38
Chroma_Docker,all-MiniLM-L6-v2,166,6.58,45.85,52.43
Chroma_Docker,all-MiniLM-L6-v2,167,7.34,44.24,51.59
Chroma_Docker,all-MiniLM-L6-v2,168,6.84,45.27,52.12
Chroma_Docker,all-MiniLM-L6-v2,169,7.17,44.92,52.09
Chroma_Docker,all-MiniLM-L6-v2,170,9.23,46.55,55.78
Chroma_Docker,all-MiniLM-L6-v2,171,7.16,44.86,52.03
Chroma_Docker,all-MiniLM-L6-v2,172,7.22,44.94,52.16
Chroma_Docker,all-MiniLM-L6-v2,173,7.05,44.86,51.91
Chroma_Docker,all-MiniLM-L6-v2,174,9.13,46.86,55.99
Chroma_Docker,all-MiniLM-L6-v2,175,8.93,47.18,56.11
Chroma_Docker,all-MiniLM-L6-v2,176,8.98,46.92,55.9
Chroma_Docker,all-MiniLM-L6-v2,177,6.16,45.67,51.83
Chroma_Docker,all-MiniLM-L6-v2,178,6.84,45.37,52.2
Chroma_Docker,all-MiniLM-L6-v2,179,6.63,45.21,51.84
Chroma_Docker,all-MiniLM-L6-v2,180,8.91,47.18,56.1
Chroma_Docker,all-MiniLM-L6-v2,181,6.31,45.71,52.02
Chroma_Docker,all-MiniLM-L6-v2,182,6.62,45.46,52.08
Chroma_Docker,all-MiniLM-L6-v2,183,9.26,46.43,55.7
Chroma_Docker,all-MiniLM-L6-v2,184,8.57,47.53,56.11
Chroma_Docker,all-MiniLM-L6-v2,185,7.87,47.91,55.78
Chroma_Docker,all-MiniLM-L6-v2,186,6.12,46.19,52.3
Chroma_Docker,all-MiniLM-L6-v2,187,8.95,46.89,55.83
Chroma_Docker,all-MiniLM-L6-v2,188,6.65,45.63,52.28
Chroma_Docker,all-MiniLM-L6-v2,189,8.01,47.51,55.52
Chroma_Docker,all-MiniLM-L6-v2,190,6.92,45.3,52.22
Chroma_Docker,all-MiniLM-L6-v2,191,8.64,47.39,56.03
Chroma_Docker,all-MiniLM-L6-v2,192,8.63,47.36,56.0
Chroma_Docker,all-MiniLM-L6-v2,193,7.67,44.32,51.99
Chroma_Docker,all-MiniLM-L6-v2,194,8.36,47.38,55.74
Chroma_Docker,all-MiniLM-L6-v2,195,7.89,44.19,52.08
Chroma_Docker,all-MiniLM-L6-v2,196,6.93,45.21,52.14
Chroma_Docker,all-MiniLM-L6-v2,197,8.2,47.79,56.0
Chroma_Docker,all-MiniLM-L6-v2,198,9.25,46.74,55.98
Chroma_Docker,all-MiniLM-L6-v2,199,8.48,47.76,56.25
Chroma_Docker,all-MiniLM-L6-v2,200,7.68,47.84,55.51
Chroma_Docker,all-MiniLM-L6-v2,201,9.03,47.15,56.17
Chroma_Docker,all-MiniLM-L6-v2,202,7.61,44.4,52.01
Chroma_Docker,all-MiniLM-L6-v2,203,8.91,47.14,56.04
Chroma_Docker,all-MiniLM-L6-v2,204,7.26,45.18,52.44
Chroma_Docker,all-MiniLM-L6-v2,205,7.54,47.82,55.36
Chroma_Docker,all-MiniLM-L6-v2,206,7.93,43.98,51.91
Chroma_Docker,all-MiniLM-L6-v2,207,8.72,47.32,56.03
Chroma_Docker,all-MiniLM-L6-v2,208,6.65,45.54,52.19
Chroma_Docker,all-MiniLM-L6-v2,209,7.76,47.92,55.67
Chroma_Docker,all-MiniLM-L6-v2,210,8.19,47.75,55.94
Chroma_Docker,all-MiniLM-L6-v2,211,7.86,44.29,52.15
Chroma_Docker,all-MiniLM-L6-v2,212,7.11,44.72,51.84
Chroma_Docker,all-MiniLM-L6-v2,213,6.68,45.48,52.16
Chroma_Docker,all-MiniLM-L6-v2,214,8.15,48.0,56.14
Chroma_Docker,all-MiniLM-L6-v2,215,7.38,44.46,51.84
Chroma_Docker,all-MiniLM-L6-v2,216,7.79,44.26,52.04
Chroma_Docker,all-MiniLM-L6-v2,217,6.79,45.27,52.07
Chroma_Docker,all-MiniLM-L6-v2,218,9.81,46.52,56.33
Chroma_Docker,all-MiniLM-L6-v2,219,8.84,47.15,55.99
Chroma_Docker,all-MiniLM-L6-v2,220,8.97,46.88,55.85
Chroma_Docker,all-MiniLM-L6-v2,221,7.3,44.69,51.99
Chroma_Docker,all-MiniLM-L6-v2,222,9.22,46.73,55.95
Chroma_Docker,all-MiniLM-L6-v2,223,6.62,45.06,51.68
Chroma_Docker,all-MiniLM-L6-v2,224,7.24,44.66,51.9
Chroma_Docker,all-MiniLM-L6-v2,225,7.48,44.47,51.96
Chroma_Docker,all-MiniLM-L6-v2,226,7.55,44.68,52.24
Chroma_Docker,all-MiniLM-L6-v2,227,7.9,48.25,56.16
Chroma_Docker,all-MiniLM-L6-v2,228,6.5,49.47,55.97
Chroma_Docker,all-MiniLM-L6-v2,229,6.73,44.95,51.68
Chroma_Docker,all-MiniLM-L6-v2,230,9.1,46.92,56.02
Chroma_Docker,all-MiniLM-L6-v2,231,7.83,44.2,52.02
Chroma_Docker,all-MiniLM-L6-v2,232,8.54,47.31,55.86
Chroma_Docker,all-MiniLM-L6-v2,233,7.16,45.08,52.23
Chroma_Docker,all-MiniLM-L6-v2,234,7.05,44.82,51.87
Chroma_Docker,all-MiniLM-L6-v2,235,6.95,45.33,52.28
Chroma_Docker,all-MiniLM-L6-v2,236,8.71,47.11,55.82
Chroma_Docker,all-MiniLM-L6-v2,237,7.03,44.8,51.83
Chroma_Docker,all-MiniLM-L6-v2,238,7.51,44.35,51.86
Chroma_Docker,all-MiniLM-L6-v2,239,6.83,45.3,52.14
Chroma_Docker,all-MiniLM-L6-v2,240,8.99,47.05,56.04
Chroma_Docker,all-MiniLM-L6-v2,241,7.5,44.46,51.96
Chroma_Docker,all-MiniLM-L6-v2,242,6.58,45.28,51.86
Chroma_Docker,all-MiniLM-L6-v2,243,8.29,48.09,56.38
Chroma_Docker,all-MiniLM-L6-v2,244,8.23,47.81,56.04
Chroma_Docker,all-MiniLM-L6-v2,245,9.09,46.47,55.55
Chroma_Docker,all-MiniLM-L6-v2,246,7.42,44.67,52.1
Chroma_Docker,all-MiniLM-L6-v2,247,7.39,44.44,51.83
Chroma_Docker,all-MiniLM-L6-v2,248,6.83,45.11,51.95
Chroma_Docker,all-MiniLM-L6-v2,249,9.13,46.99,56.12
Chroma_Docker,all-MiniLM-L6-v2,250,6.99,45.15,52.14
Chroma_Docker,all-MiniLM-L6-v2,251,6.35,45.53,51.88
Chroma_Docker,all-MiniLM-L6-v2,252,8.84,47.24,56.07
Chroma_Docker,all-MiniLM-L6-v2,253,6.54,45.38,51.93
Chroma_Docker,all-MiniLM-L6-v2,254,8.4,47.34,55.74
Chroma_Docker,all-MiniLM-L6-v2,255,6.16,45.94,52.1
Chroma_Docker,all-MiniLM-L6-v2,256,6.34,45.51,51.85
Chroma_Docker,all-MiniLM-L6-v2,257,7.57,44.49,52.06
Chroma_Docker,all-MiniLM-L6-v2,258,7.11,44.84,51.95
Chroma_Docker,all-MiniLM-L6-v2,259,6.81,45.49,52.3
Chroma_Docker,all-MiniLM-L6-v2,260,8.49,47.49,55.99
Chroma_Docker,all-MiniLM-L6-v2,261,8.1,47.71,55.82
Chroma_Docker,all-MiniLM-L6-v2,262,8.9,46.99,55.89
Chroma_Docker,all-MiniLM-L6-v2,263,8.56,47.36,55.93
Chroma_Docker,all-MiniLM-L6-v2,264,6.45,45.62,52.07
Chroma_Docker,all-MiniLM-L6-v2,265,7.12,44.95,52.06
Chroma_Docker,all-MiniLM-L6-v2,266,6.09,45.84,51.93
Chroma_Docker,all-MiniLM-L6-v2,267,8.02,48.04,56.07
Chroma_Docker,all-MiniLM-L6-v2,268,8.97,47.22,56.19
Chroma_Docker,all-MiniLM-L6-v2,269,8.73,47.16,55.88
Chroma_Docker,all-MiniLM-L6-v2,270,7.05,45.05,52.09
Chroma_Docker,all-MiniLM-L6-v2,271,8.86,47.23,56.1
Chroma_Docker,all-MiniLM-L6-v2,272,8.8,48.12,56.93
Chroma_Docker,all-MiniLM-L6-v2,273,10.17,44.72,54.89
Chroma_Docker,all-MiniLM-L6-v2,274,9.82,46.16,55.98
Chroma_Docker,all-MiniLM-L6-v2,275,6.72,45.15,51.87
Chroma_Docker,all-MiniLM-L6-v2,276,6.58,45.39,51.97
Chroma_Docker,all-MiniLM-L6-v2,277,8.56,47.46,56.02
Chroma_Docker,all-MiniLM-L6-v2,278,8.91,47.16,56.07
Chroma_Docker,all-MiniLM-L6-v2,279,7.09,48.69,55.78
Chroma_Docker,all-MiniLM-L6-v2,280,7.6,44.37,51.97
Chroma_Docker,all-MiniLM-L6-v2,281,6.75,45.69,52.45
Chroma_Docker,all-MiniLM-L6-v2,282,9.63,46.39,56.02
Chroma_Docker,all-MiniLM-L6-v2,283,6.95,44.55,51.5
Chroma_Docker,all-MiniLM-L6-v2,284,8.98,47.18,56.17
Chroma_Docker,all-MiniLM-L6-v2,285,8.86,47.01,55.86
Chroma_Docker,all-MiniLM-L6-v2,286,6.93,45.29,52.22
Chroma_Docker,all-MiniLM-L6-v2,287,8.7,47.37,56.07
Chroma_Docker,all-MiniLM-L6-v2,288,6.88,45.21,52.09
Chroma_Docker,all-MiniLM-L6-v2,289,8.8,46.8,55.6
Chroma_Docker,all-MiniLM-L6-v2,290,8.43,47.61,56.04
Chroma_Docker,all-MiniLM-L6-v2,291,6.49,45.74,52.23
Chroma_Docker,all-MiniLM-L6-v2,292,7.18,44.68,51.86
Chroma_Docker,all-MiniLM-L6-v2,293,7.3,44.63,51.93
Chroma_Docker,all-MiniLM-L6-v2,294,6.82,45.16,51.99
Chroma_Docker,all-MiniLM-L6-v2,295,7.74,44.12,51.85
Chroma_Docker,all-MiniLM-L6-v2,296,8.22,47.97,56.2
Chroma_Docker,all-MiniLM-L6-v2,297,6.56,45.09,51.65
Chroma_Docker,all-MiniLM-L6-v2,298,8.58,47.79,56.37
Chroma_Docker,all-MiniLM-L6-v2,299,6.76,44.94,51.69
Chroma_Docker,all-MiniLM-L6-v2,300,9.03,47.14,56.17
Chroma_Docker,all-MiniLM-L6-v2,301,6.17,45.81,51.98
Chroma_Docker,all-MiniLM-L6-v2,302,6.31,45.93,52.24
Chroma_Docker,all-MiniLM-L6-v2,303,7.81,48.32,56.13
Chroma_Docker,all-MiniLM-L6-v2,304,11.67,48.18,59.85
Chroma_Docker,all-MiniLM-L6-v2,305,9.07,46.57,55.63
Chroma_Docker,all-MiniLM-L6-v2,306,7.0,45.03,52.03
Chroma_Docker,all-MiniLM-L6-v2,307,8.82,47.34,56.17
Chroma_Docker,all-MiniLM-L6-v2,308,6.5,45.19,51.69
Chroma_Docker,all-MiniLM-L6-v2,309,6.95,45.39,52.33
Chroma_Docker,all-MiniLM-L6-v2,310,9.24,46.55,55.79
Chroma_Docker,all-MiniLM-L6-v2,311,8.48,47.64,56.11
Chroma_Docker,all-MiniLM-L6-v2,312,6.88,45.42,52.3
Chroma_Docker,all-MiniLM-L6-v2,313,6.14,45.37,51.51
Chroma_Docker,all-MiniLM-L6-v2,314,8.42,47.34,55.76
Chroma_Docker,all-MiniLM-L6-v2,315,6.83,45.3,52.13
Chroma_Docker,all-MiniLM-L6-v2,316,9.08,47.03,56.11
Chroma_Docker,all-MiniLM-L6-v2,317,6.7,45.38,52.08
Chroma_Docker,all-MiniLM-L6-v2,318,6.82,45.5,52.32
Chroma_Docker,all-MiniLM-L6-v2,319,8.41,47.48,55.9
Chroma_Docker,all-MiniLM-L6-v2,320,6.82,44.98,51.79
Chroma_Docker,all-MiniLM-L6-v2,321,10.0,46.39,56.39
Chroma_Docker,all-MiniLM-L6-v2,322,8.77,47.15,55.92
Chroma_Docker,all-MiniLM-L6-v2,323,7.76,48.06,55.82
Chroma_Docker,all-MiniLM-L6-v2,324,8.1,51.49,59.59
Chroma_Docker,all-MiniLM-L6-v2,325,6.51,45.65,52.16
Chroma_Docker,all-MiniLM-L6-v2,326,7.13,44.74,51.87
Chroma_Docker,all-MiniLM-L6-v2,327,9.18,46.84,56.03
Chroma_Docker,all-MiniLM-L6-v2,328,7.15,45.31,52.46
Chroma_Docker,all-MiniLM-L6-v2,329,8.96,46.63,55.59
Chroma_Docker,all-MiniLM-L6-v2,330,7.09,45.09,52.18
Chroma_Docker,all-MiniLM-L6-v2,331,8.77,47.16,55.92
Chroma_Docker,all-MiniLM-L6-v2,332,7.89,47.78,55.67
Chroma_Docker,all-MiniLM-L6-v2,333,8.55,47.45,56.0
Chroma_Docker,all-MiniLM-L6-v2,334,6.87,45.24,52.11
Chroma_Docker,all-MiniLM-L6-v2,335,7.24,44.67,51.91
Chroma_Docker,all-MiniLM-L6-v2,336,8.96,47.04,56.0
Chroma_Docker,all-MiniLM-L6-v2,337,7.66,44.45,52.12
Chroma_Docker,all-MiniLM-L6-v2,338,8.68,47.44,56.12
Chroma_Docker,all-MiniLM-L6-v2,339,8.61,47.25,55.86
Chroma_Docker,all-MiniLM-L6-v2,340,6.36,45.66,52.02
Chroma_Docker,all-MiniLM-L6-v2,341,8.2,48.68,56.87
Chroma_Docker,all-MiniLM-L6-v2,342,13.18,46.27,59.44
Chroma_Docker,all-MiniLM-L6-v2,343,7.08,44.87,51.95
Chroma_Docker,all-MiniLM-L6-v2,344,6.84,45.02,51.86
Chroma_Docker,all-MiniLM-L6-v2,345,6.75,45.09,51.83
Chroma_Docker,all-MiniLM-L6-v2,346,9.03,46.94,55.97
Chroma_Docker,all-MiniLM-L6-v2,347,8.86,47.06,55.93
Chroma_Docker,all-MiniLM-L6-v2,348,7.15,44.8,51.95
Chroma_Docker,all-MiniLM-L6-v2,349,6.07,45.61,51.68
Chroma_Docker,all-MiniLM-L6-v2,350,8.13,48.02,56.16
Chroma_Docker,all-MiniLM-L6-v2,351,7.79,44.45,52.24
Chroma_Docker,all-MiniLM-L6-v2,352,6.08,46.04,52.12
Chroma_Docker,all-MiniLM-L6-v2,353,7.6,48.17,55.76
Chroma_Docker,all-MiniLM-L6-v2,354,9.13,46.82,55.95
Chroma_Docker,all-MiniLM-L6-v2,355,8.28,47.96,56.25
Chroma_Docker,all-MiniLM-L6-v2,356,6.51,45.44,51.95
Chroma_Docker,all-MiniLM-L6-v2,357,7.44,44.45,51.89
Chroma_Docker,all-MiniLM-L6-v2,358,6.92,45.03,51.95
Chroma_Docker,all-MiniLM-L6-v2,359,8.45,47.6,56.06
Chroma_Docker,all-MiniLM-L6-v2,360,8.13,47.74,55.87
Chroma_Docker,all-MiniLM-L6-v2,361,6.59,45.51,52.1
Chroma_Docker,all-MiniLM-L6-v2,362,8.52,47.25,55.77
Chroma_Docker,all-MiniLM-L6-v2,363,7.07,44.86,51.93
Chroma_Docker,all-MiniLM-L6-v2,364,7.35,44.84,52.19
Chroma_Docker,all-MiniLM-L6-v2,365,6.65,45.41,52.07
Chroma_Docker,all-MiniLM-L6-v2,366,6.99,45.13,52.12
Chroma_Docker,all-MiniLM-L6-v2,367,7.44,44.56,52.0
Chroma_Docker,all-MiniLM-L6-v2,368,8.94,46.78,55.72
Chroma_Docker,all-MiniLM-L6-v2,369,9.41,46.59,56.0
Chroma_Docker,all-MiniLM-L6-v2,370,8.91,47.11,56.02
Chroma_Docker,all-MiniLM-L6-v2,371,8.22,47.86,56.08
Chroma_Docker,all-MiniLM-L6-v2,372,8.35,47.53,55.88
Chroma_Docker,all-MiniLM-L6-v2,373,7.09,44.77,51.86
Chroma_Docker,all-MiniLM-L6-v2,374,8.97,47.28,56.25
Chroma_Docker,all-MiniLM-L6-v2,375,7.51,44.27,51.78
Chroma_Docker,all-MiniLM-L6-v2,376,7.96,48.07,56.03
Chroma_Docker,all-MiniLM-L6-v2,377,8.98,46.93,55.91
Chroma_Docker,all-MiniLM-L6-v2,378,6.39,45.83,52.22
Chroma_Docker,all-MiniLM-L6-v2,379,7.16,44.61,51.77
Chroma_Docker,all-MiniLM-L6-v2,380,8.71,47.33,56.04
Chroma_Docker,all-MiniLM-L6-v2,381,8.79,47.22,56.02
Chroma_Docker,all-MiniLM-L6-v2,382,8.13,47.99,56.12
Chroma_Docker,all-MiniLM-L6-v2,383,7.71,48.16,55.87
Chroma_Docker,all-MiniLM-L6-v2,384,7.54,44.43,51.97
Chroma_Docker,all-MiniLM-L6-v2,385,8.77,46.94,55.71
Chroma_Docker,all-MiniLM-L6-v2,386,7.36,44.78,52.14
Chroma_Docker,all-MiniLM-L6-v2,387,7.89,48.46,56.35
Chroma_Docker,all-MiniLM-L6-v2,388,6.87,44.96,51.83
Chroma_Docker,all-MiniLM-L6-v2,389,8.64,47.51,56.15
Chroma_Docker,all-MiniLM-L6-v2,390,6.7,44.97,51.67
Chroma_Docker,all-MiniLM-L6-v2,391,6.89,45.12,52.01
Chroma_Docker,all-MiniLM-L6-v2,392,6.87,45.09,51.97
Chroma_Docker,all-MiniLM-L6-v2,393,7.94,48.4,56.34
Chroma_Docker,all-MiniLM-L6-v2,394,8.98,46.97,55.95
Chroma_Docker,all-MiniLM-L6-v2,395,6.77,44.91,51.68
Chroma_Docker,all-MiniLM-L6-v2,396,9.21,47.15,56.36
Chroma_Docker,all-MiniLM-L6-v2,397,7.49,44.13,51.62
Chroma_Docker,all-MiniLM-L6-v2,398,7.03,45.18,52.2
Chroma_Docker,all-MiniLM-L6-v2,399,9.27,46.74,56.0
Chroma_Docker,all-MiniLM-L6-v2,400,8.64,47.27,55.9
Chroma_Docker,all-MiniLM-L6-v2,401,7.11,45.05,52.16
Chroma_Docker,all-MiniLM-L6-v2,402,7.51,48.47,55.98
Chroma_Docker,all-MiniLM-L6-v2,403,8.01,47.9,55.91
Chroma_Docker,all-MiniLM-L6-v2,404,7.53,44.0,51.53
Chroma_Docker,all-MiniLM-L6-v2,405,7.77,44.59,52.36
Chroma_Docker,all-MiniLM-L6-v2,406,9.36,46.61,55.97
Chroma_Docker,all-MiniLM-L6-v2,407,8.79,47.06,55.84
Chroma_Docker,all-MiniLM-L6-v2,408,9.04,47.26,56.31
Chroma_Docker,all-MiniLM-L6-v2,409,6.95,45.19,52.14
Chroma_Docker,all-MiniLM-L6-v2,410,6.46,45.41,51.87
Chroma_Docker,all-MiniLM-L6-v2,411,9.73,46.14,55.87
Chroma_Docker,all-MiniLM-L6-v2,412,7.44,44.57,52.0
Chroma_Docker,all-MiniLM-L6-v2,413,6.91,44.92,51.82
Chroma_Docker,all-MiniLM-L6-v2,414,8.78,47.54,56.32
Chroma_Docker,all-MiniLM-L6-v2,415,6.57,45.34,51.91
Chroma_Docker,all-MiniLM-L6-v2,416,9.45,46.15,55.6
Chroma_Docker,all-MiniLM-L6-v2,417,9.79,50.06,59.85
Chroma_Docker,all-MiniLM-L6-v2,418,8.67,51.44,60.12
Chroma_Docker,all-MiniLM-L6-v2,419,8.89,47.49,56.37
Chroma_Docker,all-MiniLM-L6-v2,420,6.58,45.06,51.64
Chroma_Docker,all-MiniLM-L6-v2,421,9.1,47.04,56.14
Chroma_Docker,all-MiniLM-L6-v2,422,6.25,45.71,51.96
Chroma_Docker,all-MiniLM-L6-v2,423,8.33,47.76,56.09
Chroma_Docker,all-MiniLM-L6-v2,424,8.88,47.2,56.08
Chroma_Docker,all-MiniLM-L6-v2,425,9.51,46.34,55.84
Chroma_Docker,all-MiniLM-L6-v2,426,6.05,45.98,52.03
Chroma_Docker,all-MiniLM-L6-v2,427,9.07,49.36,58.43
Chroma_Docker,all-MiniLM-L6-v2,428,8.75,44.65,53.4
Chroma_Docker,all-MiniLM-L6-v2,429,6.11,45.93,52.04
Chroma_Docker,all-MiniLM-L6-v2,430,8.74,47.15,55.89
Chroma_Docker,all-MiniLM-L6-v2,431,8.91,47.1,56.01
Chroma_Docker,all-MiniLM-L6-v2,432,6.88,45.49,52.38
Chroma_Docker,all-MiniLM-L6-v2,433,8.46,47.03,55.5
Chroma_Docker,all-MiniLM-L6-v2,434,7.54,44.87,52.41
Chroma_Docker,all-MiniLM-L6-v2,435,6.9,45.08,51.98
Chroma_Docker,all-MiniLM-L6-v2,436,8.69,46.87,55.56
Chroma_Docker,all-MiniLM-L6-v2,437,7.48,44.55,52.03
Chroma_Docker,all-MiniLM-L6-v2,438,6.9,45.27,52.18
Chroma_Docker,all-MiniLM-L6-v2,439,7.57,44.3,51.87
Chroma_Docker,all-MiniLM-L6-v2,440,8.82,47.16,55.97
Chroma_Docker,all-MiniLM-L6-v2,441,6.99,45.02,52.02
Chroma_Docker,all-MiniLM-L6-v2,442,8.97,47.06,56.03
Chroma_Docker,all-MiniLM-L6-v2,443,6.4,45.58,51.98
Chroma_Docker,all-MiniLM-L6-v2,444,8.93,47.21,56.15
Chroma_Docker,all-MiniLM-L6-v2,445,6.58,45.24,51.82
Chroma_Docker,all-MiniLM-L6-v2,446,6.22,45.9,52.12
Chroma_Docker,all-MiniLM-L6-v2,447,6.91,45.13,52.04
Chroma_Docker,all-MiniLM-L6-v2,448,8.57,47.12,55.7
Chroma_Docker,all-MiniLM-L6-v2,449,9.15,47.08,56.23
Chroma_Docker,all-MiniLM-L6-v2,450,6.39,45.08,51.47
Chroma_Docker,all-MiniLM-L6-v2,451,6.59,46.04,52.62
Chroma_Docker,all-MiniLM-L6-v2,452,8.55,47.31,55.87
Chroma_Docker,all-MiniLM-L6-v2,453,8.68,47.2,55.88
Chroma_Docker,all-MiniLM-L6-v2,454,7.06,44.8,51.86
Chroma_Docker,all-MiniLM-L6-v2,455,8.48,47.59,56.07
Chroma_Docker,all-MiniLM-L6-v2,456,7.26,44.84,52.1
Chroma_Docker,all-MiniLM-L6-v2,457,6.55,45.34,51.88
Chroma_Docker,all-MiniLM-L6-v2,458,6.86,45.06,51.92
Chroma_Docker,all-MiniLM-L6-v2,459,9.25,46.97,56.22
Chroma_Docker,all-MiniLM-L6-v2,460,7.27,44.56,51.83
Chroma_Docker,all-MiniLM-L6-v2,461,8.83,47.14,55.97
Chroma_Docker,all-MiniLM-L6-v2,462,6.39,45.57,51.96
Chroma_Docker,all-MiniLM-L6-v2,463,6.69,45.15,51.84
Chroma_Docker,all-MiniLM-L6-v2,464,9.22,47.01,56.23
Chroma_Docker,all-MiniLM-L6-v2,465,7.38,48.39,55.77
Chroma_Docker,all-MiniLM-L6-v2,466,8.98,47.36,56.34
Chroma_Docker,all-MiniLM-L6-v2,467,6.97,44.81,51.78
Chroma_Docker,all-MiniLM-L6-v2,468,6.37,45.7,52.07
Chroma_Docker,all-MiniLM-L6-v2,469,8.73,46.98,55.72
Chroma_Docker,all-MiniLM-L6-v2,470,8.8,47.53,56.33
Chroma_Docker,all-MiniLM-L6-v2,471,8.75,47.51,56.27
Chroma_Docker,all-MiniLM-L6-v2,472,5.87,45.65,51.53
Chroma_Docker,all-MiniLM-L6-v2,473,7.22,45.33,52.55
Chroma_Docker,all-MiniLM-L6-v2,474,8.88,46.54,55.42
Chroma_Docker,all-MiniLM-L6-v2,475,6.93,45.05,51.98
Chroma_Docker,all-MiniLM-L6-v2,476,7.62,44.77,52.39
Chroma_Docker,all-MiniLM-L6-v2,477,6.96,44.67,51.62
Chroma_Docker,all-MiniLM-L6-v2,478,9.14,46.92,56.06
Chroma_Docker,all-MiniLM-L6-v2,479,6.25,45.44,51.69
Chroma_Docker,all-MiniLM-L6-v2,480,6.48,45.81,52.28
Chroma_Docker,all-MiniLM-L6-v2,481,8.6,47.44,56.05
Chroma_Docker,all-MiniLM-L6-v2,482,8.65,47.2,55.85
Chroma_Docker,all-MiniLM-L6-v2,483,6.5,45.87,52.37
Chroma_Docker,all-MiniLM-L6-v2,484,8.59,46.91,55.51
Chroma_Docker,all-MiniLM-L6-v2,485,7.31,44.85,52.16
Chroma_Docker,all-MiniLM-L6-v2,486,6.19,45.72,51.91
Chroma_Docker,all-MiniLM-L6-v2,487,9.55,46.29,55.84
Chroma_Docker,all-MiniLM-L6-v2,488,7.84,45.19,53.03
Chroma_Docker,all-MiniLM-L6-v2,489,9.15,46.28,55.43
Chroma_Docker,all-MiniLM-L6-v2,490,10.22,49.17,59.39
Chroma_Docker,all-MiniLM-L6-v2,491,7.32,45.25,52.56
Chroma_Docker,all-MiniLM-L6-v2,492,8.7,47.04,55.74
Chroma_Docker,all-MiniLM-L6-v2,493,7.66,44.15,51.8
Chroma_Docker,all-MiniLM-L6-v2,494,5.86,46.04,51.9
Chroma_Docker,all-MiniLM-L6-v2,495,8.58,47.84,56.42
Chroma_Docker,all-MiniLM-L6-v2,496,8.93,47.17,56.1
Chroma_Docker,all-MiniLM-L6-v2,497,6.05,45.81,51.86
Chroma_Docker,all-MiniLM-L6-v2,498,6.54,46.1,52.64
Chroma_Docker,all-MiniLM-L6-v2,499,6.57,44.34,50.91
Chroma_Docker,all-MiniLM-L6-v2,500,6.72,45.45,52.16
Chroma_Docker,all-MiniLM-L6-v2,501,7.73,44.62,52.35
Chroma_Docker,all-MiniLM-L6-v2,502,9.1,46.81,55.92
Chroma_Docker,all-MiniLM-L6-v2,503,7.85,48.17,56.02
Chroma_Docker,all-MiniLM-L6-v2,504,5.81,46.0,51.81
Chroma_Docker,all-MiniLM-L6-v2,505,8.36,47.58,55.94
Chroma_Docker,all-MiniLM-L6-v2,506,8.55,47.06,55.61
Chroma_Docker,all-MiniLM-L6-v2,507,6.45,45.91,52.35
Chroma_Docker,all-MiniLM-L6-v2,508,7.1,44.99,52.09
Chroma_Docker,all-MiniLM-L6-v2,509,8.88,47.08,55.97
Chroma_Docker,all-MiniLM-L6-v2,510,8.69,51.14,59.83
Chroma_Docker,all-MiniLM-L6-v2,511,9.62,50.65,60.27
Chroma_Docker,all-MiniLM-L6-v2,512,8.55,47.72,56.27
Chroma_Docker,all-MiniLM-L6-v2,513,6.81,44.7,51.52
Chroma_Docker,all-MiniLM-L6-v2,514,9.19,46.99,56.18
Chroma_Docker,all-MiniLM-L6-v2,515,8.24,47.85,56.09
Chroma_Docker,all-MiniLM-L6-v2,516,9.21,46.61,55.82
Chroma_Docker,all-MiniLM-L6-v2,517,8.12,47.96,56.08
Chroma_Docker,all-MiniLM-L6-v2,518,8.86,47.04,55.9
Chroma_Docker,all-MiniLM-L6-v2,519,8.7,47.14,55.84
Chroma_Docker,all-MiniLM-L6-v2,520,7.85,43.85,51.7
Chroma_Docker,all-MiniLM-L6-v2,521,6.47,46.21,52.68
Chroma_Docker,all-MiniLM-L6-v2,522,6.76,44.84,51.6
Chroma_Docker,all-MiniLM-L6-v2,523,9.38,46.61,55.98
Chroma_Docker,all-MiniLM-L6-v2,524,8.59,47.42,56.02
Chroma_Docker,all-MiniLM-L6-v2,525,6.74,45.15,51.88
Chroma_Docker,all-MiniLM-L6-v2,526,8.08,48.5,56.58
Chroma_Docker,all-MiniLM-L6-v2,527,10.12,45.42,55.55
Chroma_Docker,all-MiniLM-L6-v2,528,9.05,47.13,56.18
Chroma_Docker,all-MiniLM-L6-v2,529,7.98,47.92,55.9
Chroma_Docker,all-MiniLM-L6-v2,530,9.19,46.47,55.66
Chroma_Docker,all-MiniLM-L6-v2,531,9.09,46.97,56.06
Chroma_Docker,all-MiniLM-L6-v2,532,8.69,47.64,56.33
Chroma_Docker,all-MiniLM-L6-v2,533,6.59,45.0,51.6
Chroma_Docker,all-MiniLM-L6-v2,534,6.62,45.66,52.29
Chroma_Docker,all-MiniLM-L6-v2,535,8.26,47.39,55.65
Chroma_Docker,all-MiniLM-L6-v2,536,7.01,45.16,52.16
Chroma_Docker,all-MiniLM-L6-v2,537,9.21,46.8,56.01
Chroma_Docker,all-MiniLM-L6-v2,538,8.64,47.26,55.9
Chroma_Docker,all-MiniLM-L6-v2,539,9.03,47.0,56.03
Chroma_Docker,all-MiniLM-L6-v2,540,7.27,44.77,52.04
Chroma_Docker,all-MiniLM-L6-v2,541,7.5,44.66,52.17
Chroma_Docker,all-MiniLM-L6-v2,542,8.96,47.44,56.4
Chroma_Docker,all-MiniLM-L6-v2,543,8.73,46.63,55.37
Chroma_Docker,all-MiniLM-L6-v2,544,8.98,46.98,55.96
Chroma_Docker,all-MiniLM-L6-v2,545,6.7,45.27,51.97
Chroma_Docker,all-MiniLM-L6-v2,546,7.67,44.35,52.01
Chroma_Docker,all-MiniLM-L6-v2,547,8.66,47.38,56.03
Chroma_Docker,all-MiniLM-L6-v2,548,7.48,44.82,52.31
Chroma_Docker,all-MiniLM-L6-v2,549,7.04,45.18,52.23
Chroma_Docker,all-MiniLM-L6-v2,550,8.18,47.46,55.64
Chroma_Docker,all-MiniLM-L6-v2,551,5.93,45.81,51.75
Chroma_Docker,all-MiniLM-L6-v2,552,8.36,47.47,55.83
Chroma_Docker,all-MiniLM-L6-v2,553,7.48,44.67,52.15
Chroma_Docker,all-MiniLM-L6-v2,554,6.99,45.08,52.07
Chroma_Docker,all-MiniLM-L6-v2,555,7.41,44.52,51.93
Chroma_Docker,all-MiniLM-L6-v2,556,8.73,47.23,55.96
Chroma_Docker,all-MiniLM-L6-v2,557,8.79,47.56,56.34
Chroma_Docker,all-MiniLM-L6-v2,558,8.29,47.42,55.71
Chroma_Docker,all-MiniLM-L6-v2,559,6.78,45.18,51.96
Chroma_Docker,all-MiniLM-L6-v2,560,8.61,47.35,55.96
Chroma_Docker,all-MiniLM-L6-v2,561,6.53,45.57,52.1
Chroma_Docker,all-MiniLM-L6-v2,562,8.18,47.65,55.83
Chroma_Docker,all-MiniLM-L6-v2,563,6.7,45.62,52.32
Chroma_Docker,all-MiniLM-L6-v2,564,6.33,45.43,51.77
Chroma_Docker,all-MiniLM-L6-v2,565,7.25,44.73,51.97
Chroma_Docker,all-MiniLM-L6-v2,566,8.34,47.73,56.06
Chroma_Docker,all-MiniLM-L6-v2,567,6.59,45.38,51.97
Chroma_Docker,all-MiniLM-L6-v2,568,8.96,47.04,56.01
Chroma_Docker,all-MiniLM-L6-v2,569,8.89,46.91,55.8
Chroma_Docker,all-MiniLM-L6-v2,570,6.62,45.68,52.3
Chroma_Docker,all-MiniLM-L6-v2,571,7.48,44.42,51.89
Chroma_Docker,all-MiniLM-L6-v2,572,6.82,45.29,52.12
Chroma_Docker,all-MiniLM-L6-v2,573,8.44,47.32,55.76
Chroma_Docker,all-MiniLM-L6-v2,574,6.88,45.21,52.09
Chroma_Docker,all-MiniLM-L6-v2,575,9.21,46.87,56.09
Chroma_Docker,all-MiniLM-L6-v2,576,6.93,44.78,51.71
Chroma_Docker,all-MiniLM-L6-v2,577,7.12,45.02,52.14
Chroma_Docker,all-MiniLM-L6-v2,578,8.11,47.95,56.06
Chroma_Docker,all-MiniLM-L6-v2,579,7.41,44.44,51.85
Chroma_Docker,all-MiniLM-L6-v2,580,8.81,47.4,56.21
Chroma_Docker,all-MiniLM-L6-v2,581,6.75,48.99,55.75
Chroma_Docker,all-MiniLM-L6-v2,582,6.66,45.41,52.07
Chroma_Docker,all-MiniLM-L6-v2,583,7.94,48.04,55.98
Chroma_Docker,all-MiniLM-L6-v2,584,7.93,48.3,56.23
Chroma_Docker,all-MiniLM-L6-v2,585,8.33,47.15,55.48
Chroma_Docker,all-MiniLM-L6-v2,586,6.13,46.25,52.38
Chroma_Docker,all-MiniLM-L6-v2,587,7.49,44.41,51.9
Chroma_Docker,all-MiniLM-L6-v2,588,8.13,48.21,56.34
Chroma_Docker,all-MiniLM-L6-v2,589,9.71,46.26,55.97
Chroma_Docker,all-MiniLM-L6-v2,590,6.98,44.65,51.63
Chroma_Docker,all-MiniLM-L6-v2,591,9.11,46.85,55.96
Chroma_Docker,all-MiniLM-L6-v2,592,8.44,47.57,56.01
Chroma_Docker,all-MiniLM-L6-v2,593,6.64,45.41,52.05
Chroma_Docker,all-MiniLM-L6-v2,594,8.64,47.04,55.68
Chroma_Docker,all-MiniLM-L6-v2,595,6.72,45.67,52.38
Chroma_Docker,all-MiniLM-L6-v2,596,8.68,47.06,55.74
Chroma_Docker,all-MiniLM-L6-v2,597,8.68,47.59,56.27
Chroma_Docker,all-MiniLM-L6-v2,598,8.64,47.23,55.87
Chroma_Docker,all-MiniLM-L6-v2,599,8.68,47.35,56.03
Chroma_Docker,all-MiniLM-L6-v2,600,7.69,48.1,55.79
Chroma_Docker,all-MiniLM-L6-v2,601,6.99,45.07,52.06
Chroma_Docker,all-MiniLM-L6-v2,602,7.59,44.48,52.07
Chroma_Docker,all-MiniLM-L6-v2,603,8.09,48.22,56.31
Chroma_Docker,all-MiniLM-L6-v2,604,6.8,44.75,51.55
Chroma_Docker,all-MiniLM-L6-v2,605,6.61,49.58,56.19
Chroma_Docker,all-MiniLM-L6-v2,606,8.9,50.87,59.77
Chroma_Docker,all-MiniLM-L6-v2,607,8.72,47.56,56.28
Chroma_Docker,all-MiniLM-L6-v2,608,9.1,46.65,55.75
Chroma_Docker,all-MiniLM-L6-v2,609,6.66,45.2,51.86
Chroma_Docker,all-MiniLM-L6-v2,610,8.86,47.33,56.19
Chroma_Docker,all-MiniLM-L6-v2,611,6.51,45.89,52.4
Chroma_Docker,all-MiniLM-L6-v2,612,6.89,44.61,51.5
Chroma_Docker,all-MiniLM-L6-v2,613,8.92,47.16,56.08
Chroma_Docker,all-MiniLM-L6-v2,614,6.87,44.94,51.8
Chroma_Docker,all-MiniLM-L6-v2,615,8.47,47.61,56.08
Chroma_Docker,all-MiniLM-L6-v2,616,7.48,44.57,52.05
Chroma_Docker,all-MiniLM-L6-v2,617,9.27,46.78,56.06
Chroma_Docker,all-MiniLM-L6-v2,618,8.09,47.75,55.84
Chroma_Docker,all-MiniLM-L6-v2,619,8.64,47.53,56.17
Chroma_Docker,all-MiniLM-L6-v2,620,6.78,45.49,52.27
Chroma_Docker,all-MiniLM-L6-v2,621,8.65,46.67,55.32
Chroma_Docker,all-MiniLM-L6-v2,622,7.89,44.39,52.28
Chroma_Docker,all-MiniLM-L6-v2,623,8.94,47.04,55.98
Chroma_Docker,all-MiniLM-L6-v2,624,8.79,47.14,55.93
Chroma_Docker,all-MiniLM-L6-v2,625,6.91,45.08,51.99
Chroma_Docker,all-MiniLM-L6-v2,626,6.7,45.5,52.2
Chroma_Docker,all-MiniLM-L6-v2,627,9.26,46.56,55.82
Chroma_Docker,all-MiniLM-L6-v2,628,8.68,47.43,56.1
Chroma_Docker,all-MiniLM-L6-v2,629,9.24,46.46,55.7
Chroma_Docker,all-MiniLM-L6-v2,630,8.69,47.75,56.44
Chroma_Docker,all-MiniLM-L6-v2,631,8.88,46.91,55.79
Chroma_Docker,all-MiniLM-L6-v2,632,8.41,47.63,56.04
Chroma_Docker,all-MiniLM-L6-v2,633,8.7,46.81,55.52
Chroma_Docker,all-MiniLM-L6-v2,634,6.41,46.06,52.47
Chroma_Docker,all-MiniLM-L6-v2,635,7.19,44.85,52.04
Chroma_Docker,all-MiniLM-L6-v2,636,6.04,46.06,52.1
Chroma_Docker,all-MiniLM-L6-v2,637,8.39,47.34,55.73
Chroma_Docker,all-MiniLM-L6-v2,638,8.85,47.21,56.07
Chroma_Docker,all-MiniLM-L6-v2,639,8.52,47.52,56.04
Chroma_Docker,all-MiniLM-L6-v2,640,8.78,47.14,55.93
Chroma_Docker,all-MiniLM-L6-v2,641,8.03,47.81,55.84
Chroma_Docker,all-MiniLM-L6-v2,642,9.21,47.01,56.22
Chroma_Docker,all-MiniLM-L6-v2,643,7.71,44.13,51.84
Chroma_Docker,all-MiniLM-L6-v2,644,7.29,44.52,51.81
Chroma_Docker,all-MiniLM-L6-v2,645,6.18,45.85,52.03
Chroma_Docker,all-MiniLM-L6-v2,646,8.78,47.29,56.07
Chroma_Docker,all-MiniLM-L6-v2,647,8.76,47.23,56.0
Chroma_Docker,all-MiniLM-L6-v2,648,8.85,47.05,55.9
Chroma_Docker,all-MiniLM-L6-v2,649,8.13,48.18,56.31
Chroma_Docker,all-MiniLM-L6-v2,650,6.4,45.3,51.7
Chroma_Docker,all-MiniLM-L6-v2,651,8.74,47.42,56.17
Chroma_Docker,all-MiniLM-L6-v2,652,8.45,47.44,55.89
Chroma_Docker,all-MiniLM-L6-v2,653,8.65,47.46,56.12
Chroma_Docker,all-MiniLM-L6-v2,654,8.89,47.1,55.99
Chroma_Docker,all-MiniLM-L6-v2,655,8.83,47.17,56.0
Chroma_Docker,all-MiniLM-L6-v2,656,6.64,45.32,51.96
Chroma_Docker,all-MiniLM-L6-v2,657,7.03,45.04,52.07
Chroma_Docker,all-MiniLM-L6-v2,658,8.23,47.59,55.82
Chroma_Docker,all-MiniLM-L6-v2,659,7.61,44.62,52.23
Chroma_Docker,all-MiniLM-L6-v2,660,6.9,45.09,51.99
Chroma_Docker,all-MiniLM-L6-v2,661,7.13,44.95,52.08
Chroma_Docker,all-MiniLM-L6-v2,662,8.65,47.38,56.04
Chroma_Docker,all-MiniLM-L6-v2,663,6.86,44.97,51.84
Chroma_Docker,all-MiniLM-L6-v2,664,9.04,46.94,55.98
Chroma_Docker,all-MiniLM-L6-v2,665,8.48,47.38,55.86
Chroma_Docker,all-MiniLM-L6-v2,666,8.73,47.29,56.02
Chroma_Docker,all-MiniLM-L6-v2,667,6.34,45.75,52.09
Chroma_Docker,all-MiniLM-L6-v2,668,7.96,47.85,55.81
Chroma_Docker,all-MiniLM-L6-v2,669,6.85,45.47,52.32
Chroma_Docker,all-MiniLM-L6-v2,670,8.76,47.09,55.85
Chroma_Docker,all-MiniLM-L6-v2,671,6.44,45.37,51.81
Chroma_Docker,all-MiniLM-L6-v2,672,6.67,46.36,53.03
Chroma_Docker,all-MiniLM-L6-v2,673,10.48,44.69,55.17
Chroma_Docker,all-MiniLM-L6-v2,674,9.41,46.25,55.66
Chroma_Docker,all-MiniLM-L6-v2,675,9.05,47.03,56.08
Chroma_Docker,all-MiniLM-L6-v2,676,8.61,47.41,56.02
Chroma_Docker,all-MiniLM-L6-v2,677,7.81,44.17,51.97
Chroma_Docker,all-MiniLM-L6-v2,678,8.51,47.8,56.31
Chroma_Docker,all-MiniLM-L6-v2,679,8.75,47.14,55.89
Chroma_Docker,all-MiniLM-L6-v2,680,7.37,44.37,51.74
Chroma_Docker,all-MiniLM-L6-v2,681,9.26,46.97,56.23
Chroma_Docker,all-MiniLM-L6-v2,682,9.51,46.49,55.99
Chroma_Docker,all-MiniLM-L6-v2,683,8.89,47.02,55.9
Chroma_Docker,all-MiniLM-L6-v2,684,8.5,47.2,55.7
Chroma_Docker,all-MiniLM-L6-v2,685,8.83,47.32,56.14
Chroma_Docker,all-MiniLM-L6-v2,686,6.58,45.4,51.99
Chroma_Docker,all-MiniLM-L6-v2,687,8.79,47.14,55.94
Chroma_Docker,all-MiniLM-L6-v2,688,8.91,47.49,56.4
Chroma_Docker,all-MiniLM-L6-v2,689,8.75,46.81,55.56
Chroma_Docker,all-MiniLM-L6-v2,690,6.68,45.16,51.84
Chroma_Docker,all-MiniLM-L6-v2,691,7.01,44.9,51.91
Chroma_Docker,all-MiniLM-L6-v2,692,8.34,47.96,56.3
Chroma_Docker,all-MiniLM-L6-v2,693,7.76,44.28,52.04
Chroma_Docker,all-MiniLM-L6-v2,694,7.05,44.75,51.79
Chroma_Docker,all-MiniLM-L6-v2,695,6.53,45.37,51.9
Chroma_Docker,all-MiniLM-L6-v2,696,8.12,47.99,56.11
Chroma_Docker,all-MiniLM-L6-v2,697,8.72,47.44,56.15
Chroma_Docker,all-MiniLM-L6-v2,698,8.35,47.33,55.69
Chroma_Docker,all-MiniLM-L6-v2,699,6.69,45.55,52.24
Chroma_Docker,all-MiniLM-L6-v2,700,7.94,48.0,55.94
Chroma_Docker,all-MiniLM-L6-v2,701,8.08,47.78,55.86
Chroma_Docker,all-MiniLM-L6-v2,702,6.84,46.54,53.38
Chroma_Docker,all-MiniLM-L6-v2,703,7.69,47.11,54.81
Chroma_Docker,all-MiniLM-L6-v2,704,7.27,44.64,51.91
Chroma_Docker,all-MiniLM-L6-v2,705,6.57,45.11,51.68
Chroma_Docker,all-MiniLM-L6-v2,706,7.3,44.98,52.28
Chroma_Docker,all-MiniLM-L6-v2,707,8.77,47.04,55.81
Chroma_Docker,all-MiniLM-L6-v2,708,6.68,45.61,52.29
Chroma_Docker,all-MiniLM-L6-v2,709,6.0,45.59,51.6
Chroma_Docker,all-MiniLM-L6-v2,710,6.98,45.47,52.46
Chroma_Docker,all-MiniLM-L6-v2,711,10.14,45.87,56.01
Chroma_Docker,all-MiniLM-L6-v2,712,8.91,46.85,55.77
Chroma_Docker,all-MiniLM-L6-v2,713,7.22,45.3,52.52
Chroma_Docker,all-MiniLM-L6-v2,714,9.12,46.25,55.37
Chroma_Docker,all-MiniLM-L6-v2,715,9.24,47.05,56.29
Chroma_Docker,all-MiniLM-L6-v2,716,8.98,46.74,55.72
Chroma_Docker,all-MiniLM-L6-v2,717,8.82,47.15,55.98
Chroma_Docker,all-MiniLM-L6-v2,718,9.06,46.96,56.01
Chroma_Docker,all-MiniLM-L6-v2,719,7.43,44.5,51.93
Chroma_Docker,all-MiniLM-L6-v2,720,8.9,46.92,55.82
Chroma_Docker,all-MiniLM-L6-v2,721,6.93,45.0,51.93
Chroma_Docker,all-MiniLM-L6-v2,722,6.81,45.42,52.23
Chroma_Docker,all-MiniLM-L6-v2,723,6.97,44.91,51.88
Chroma_Docker,all-MiniLM-L6-v2,724,6.41,45.88,52.29
Chroma_Docker,all-MiniLM-L6-v2,725,7.05,44.75,51.8
Chroma_Docker,all-MiniLM-L6-v2,726,7.97,47.88,55.84
Chroma_Docker,all-MiniLM-L6-v2,727,7.41,44.7,52.11
Chroma_Docker,all-MiniLM-L6-v2,728,7.56,44.33,51.89
Chroma_Docker,all-MiniLM-L6-v2,729,7.15,44.95,52.11
Chroma_Docker,all-MiniLM-L6-v2,730,7.3,44.79,52.1
Chroma_Docker,all-MiniLM-L6-v2,731,8.52,47.36,55.88
Chroma_Docker,all-MiniLM-L6-v2,732,7.87,43.82,51.68
Chroma_Docker,all-MiniLM-L6-v2,733,8.15,48.04,56.19
Chroma_Docker,all-MiniLM-L6-v2,734,8.36,47.66,56.03
Chroma_Docker,all-MiniLM-L6-v2,735,6.85,45.37,52.22
Chroma_Docker,all-MiniLM-L6-v2,736,7.8,47.95,55.75
Chroma_Docker,all-MiniLM-L6-v2,737,7.8,44.25,52.05
Chroma_Docker,all-MiniLM-L6-v2,738,8.05,47.76,55.82
Chroma_Docker,all-MiniLM-L6-v2,739,8.85,47.4,56.24
Chroma_Docker,all-MiniLM-L6-v2,740,7.57,44.46,52.04
Chroma_Docker,all-MiniLM-L6-v2,741,6.76,45.35,52.1
Chroma_Docker,all-MiniLM-L6-v2,742,8.63,47.11,55.74
Chroma_Docker,all-MiniLM-L6-v2,743,8.5,47.44,55.94
Chroma_Docker,all-MiniLM-L6-v2,744,7.83,48.03,55.86
Chroma_Docker,all-MiniLM-L6-v2,745,7.16,44.71,51.86
Chroma_Docker,all-MiniLM-L6-v2,746,6.99,45.45,52.44
Chroma_Docker,all-MiniLM-L6-v2,747,8.55,47.06,55.61
Chroma_Docker,all-MiniLM-L6-v2,748,8.95,47.51,56.47
Chroma_Docker,all-MiniLM-L6-v2,749,9.13,46.54,55.67
Chroma_Docker,all-MiniLM-L6-v2,750,7.9,44.12,52.01
Chroma_Docker,all-MiniLM-L6-v2,751,8.54,47.64,56.18
Chroma_Docker,all-MiniLM-L6-v2,752,8.38,47.55,55.93
Chroma_Docker,all-MiniLM-L6-v2,753,7.14,44.91,52.06
Chroma_Docker,all-MiniLM-L6-v2,754,6.9,44.78,51.67
Chroma_Docker,all-MiniLM-L6-v2,755,8.22,52.4,60.62
Chroma_Docker,all-MiniLM-L6-v2,756,8.61,46.86,55.48
Chroma_Docker,all-MiniLM-L6-v2,757,8.59,47.14,55.73
Chroma_Docker,all-MiniLM-L6-v2,758,7.52,44.58,52.1
Chroma_Docker,all-MiniLM-L6-v2,759,8.5,47.44,55.94
Chroma_Docker,all-MiniLM-L6-v2,760,7.92,44.23,52.15
Chroma_Docker,all-MiniLM-L6-v2,761,6.85,45.02,51.87
Chroma_Docker,all-MiniLM-L6-v2,762,7.25,44.65,51.9
Chroma_Docker,all-MiniLM-L6-v2,763,6.1,46.38,52.48
Chroma_Docker,all-MiniLM-L6-v2,764,8.69,46.94,55.63
Chroma_Docker,all-MiniLM-L6-v2,765,7.54,44.42,51.96
Chroma_Docker,all-MiniLM-L6-v2,766,6.66,45.22,51.88
Chroma_Docker,all-MiniLM-L6-v2,767,7.46,44.81,52.27
Chroma_Docker,all-MiniLM-L6-v2,768,7.35,44.78,52.13
Chroma_Docker,all-MiniLM-L6-v2,769,6.29,45.3,51.59
Chroma_Docker,all-MiniLM-L6-v2,770,6.55,45.28,51.83
Chroma_Docker,all-MiniLM-L6-v2,771,7.69,44.89,52.59
Chroma_Docker,all-MiniLM-L6-v2,772,6.97,44.93,51.9
Chroma_Docker,all-MiniLM-L6-v2,773,6.44,45.18,51.62
Chroma_Docker,all-MiniLM-L6-v2,774,9.63,46.53,56.16
Chroma_Docker,all-MiniLM-L6-v2,775,6.36,45.63,51.99
Chroma_Docker,all-MiniLM-L6-v2,776,8.62,47.35,55.97
Chroma_Docker,all-MiniLM-L6-v2,777,6.67,45.15,51.82
Chroma_Docker,all-MiniLM-L6-v2,778,6.57,45.36,51.93
Chroma_Docker,all-MiniLM-L6-v2,779,8.14,48.06,56.2
Chroma_Docker,all-MiniLM-L6-v2,780,6.74,45.2,51.94
Chroma_Docker,all-MiniLM-L6-v2,781,7.02,45.25,52.27
Chroma_Docker,all-MiniLM-L6-v2,782,7.81,47.96,55.78
Chroma_Docker,all-MiniLM-L6-v2,783,8.98,46.8,55.78
Chroma_Docker,all-MiniLM-L6-v2,784,7.66,44.62,52.29
Chroma_Docker,all-MiniLM-L6-v2,785,8.53,47.28,55.8
Chroma_Docker,all-MiniLM-L6-v2,786,6.75,49.52,56.27
Chroma_Docker,all-MiniLM-L6-v2,787,8.96,47.13,56.1
Chroma_Docker,all-MiniLM-L6-v2,788,8.98,46.92,55.9
Chroma_Docker,all-MiniLM-L6-v2,789,9.23,46.36,55.59
Chroma_Docker,all-MiniLM-L6-v2,790,6.55,45.47,52.01
Chroma_Docker,all-MiniLM-L6-v2,791,5.93,46.32,52.25
Chroma_Docker,all-MiniLM-L6-v2,792,9.0,50.72,59.72
Chroma_Docker,all-MiniLM-L6-v2,793,7.29,44.76,52.05
Chroma_Docker,all-MiniLM-L6-v2,794,6.56,45.48,52.05
Chroma_Docker,all-MiniLM-L6-v2,795,8.36,47.48,55.84
Chroma_Docker,all-MiniLM-L6-v2,796,8.97,46.96,55.92
Chroma_Docker,all-MiniLM-L6-v2,797,8.61,47.75,56.36
Chroma_Docker,all-MiniLM-L6-v2,798,7.89,47.69,55.57
Chroma_Docker,all-MiniLM-L6-v2,799,6.46,45.65,52.1
Chroma_Docker,all-MiniLM-L6-v2,800,7.49,44.56,52.05
Chroma_Docker,all-MiniLM-L6-v2,801,8.49,47.37,55.86
Chroma_Docker,all-MiniLM-L6-v2,802,6.51,45.5,52.01
Chroma_Docker,all-MiniLM-L6-v2,803,6.29,45.73,52.02
Chroma_Docker,all-MiniLM-L6-v2,804,6.81,45.19,52.0
Chroma_Docker,all-MiniLM-L6-v2,805,8.17,48.0,56.16
Chroma_Docker,all-MiniLM-L6-v2,806,8.52,47.25,55.77
Chroma_Docker,all-MiniLM-L6-v2,807,6.0,46.13,52.13
Chroma_Docker,all-MiniLM-L6-v2,808,8.97,46.97,55.94
Chroma_Docker,all-MiniLM-L6-v2,809,8.72,47.5,56.22
Chroma_Docker,all-MiniLM-L6-v2,810,9.17,46.61,55.77
Chroma_Docker,all-MiniLM-L6-v2,811,8.61,47.54,56.15
Chroma_Docker,all-MiniLM-L6-v2,812,9.35,46.5,55.85
Chroma_Docker,all-MiniLM-L6-v2,813,5.82,45.91,51.74
Chroma_Docker,all-MiniLM-L6-v2,814,6.34,45.71,52.05
Chroma_Docker,all-MiniLM-L6-v2,815,6.55,45.35,51.91
Chroma_Docker,all-MiniLM-L6-v2,816,8.82,47.22,56.04
Chroma_Docker,all-MiniLM-L6-v2,817,6.76,45.81,52.57
Chroma_Docker,all-MiniLM-L6-v2,818,9.88,45.65,55.54
Chroma_Docker,all-MiniLM-L6-v2,819,8.77,47.0,55.77
Chroma_Docker,all-MiniLM-L6-v2,820,8.6,47.72,56.32
Chroma_Docker,all-MiniLM-L6-v2,821,7.02,44.98,52.0
Chroma_Docker,all-MiniLM-L6-v2,822,7.7,44.01,51.72
Chroma_Docker,all-MiniLM-L6-v2,823,8.17,47.93,56.1
Chroma_Docker,all-MiniLM-L6-v2,824,8.69,47.49,56.18
Chroma_Docker,all-MiniLM-L6-v2,825,6.54,45.48,52.02
Chroma_Docker,all-MiniLM-L6-v2,826,7.12,44.87,51.99
Chroma_Docker,all-MiniLM-L6-v2,827,8.57,47.23,55.8
Chroma_Docker,all-MiniLM-L6-v2,828,9.72,46.36,56.09
Chroma_Docker,all-MiniLM-L6-v2,829,6.22,45.47,51.69
Chroma_Docker,all-MiniLM-L6-v2,830,7.78,44.48,52.26
Chroma_Docker,all-MiniLM-L6-v2,831,6.69,45.2,51.88
Chroma_Docker,all-MiniLM-L6-v2,832,6.24,45.57,51.81
Chroma_Docker,all-MiniLM-L6-v2,833,6.31,45.89,52.2
Chroma_Docker,all-MiniLM-L6-v2,834,8.62,47.18,55.8
Chroma_Docker,all-MiniLM-L6-v2,835,7.55,44.6,52.14
Chroma_Docker,all-MiniLM-L6-v2,836,8.95,46.93,55.88
Chroma_Docker,all-MiniLM-L6-v2,837,7.44,44.49,51.93
Chroma_Docker,all-MiniLM-L6-v2,838,8.5,47.88,56.37
Chroma_Docker,all-MiniLM-L6-v2,839,6.8,44.86,51.67
Chroma_Docker,all-MiniLM-L6-v2,840,7.03,44.94,51.97
Chroma_Docker,all-MiniLM-L6-v2,841,5.98,46.22,52.2
Chroma_Docker,all-MiniLM-L6-v2,842,8.95,46.93,55.88
Chroma_Docker,all-MiniLM-L6-v2,843,7.9,44.05,51.95
Chroma_Docker,all-MiniLM-L6-v2,844,6.45,45.63,52.08
Chroma_Docker,all-MiniLM-L6-v2,845,8.84,47.2,56.04
Chroma_Docker,all-MiniLM-L6-v2,846,8.17,47.79,55.95
Chroma_Docker,all-MiniLM-L6-v2,847,6.84,45.34,52.18
Chroma_Docker,all-MiniLM-L6-v2,848,8.63,47.39,56.03
Chroma_Docker,all-MiniLM-L6-v2,849,7.81,48.0,55.81
Chroma_Docker,all-MiniLM-L6-v2,850,6.31,45.71,52.02
Chroma_Docker,all-MiniLM-L6-v2,851,6.17,45.89,52.06
Chroma_Docker,all-MiniLM-L6-v2,852,8.94,46.69,55.63
Chroma_Docker,all-MiniLM-L6-v2,853,7.18,44.72,51.91
Chroma_Docker,all-MiniLM-L6-v2,854,6.43,45.95,52.39
Chroma_Docker,all-MiniLM-L6-v2,855,6.87,44.95,51.82
Chroma_Docker,all-MiniLM-L6-v2,856,5.99,46.23,52.22
Chroma_Docker,all-MiniLM-L6-v2,857,9.24,46.81,56.05
Chroma_Docker,all-MiniLM-L6-v2,858,7.1,48.55,55.65
Chroma_Docker,all-MiniLM-L6-v2,859,11.42,44.48,55.91
Chroma_Docker,all-MiniLM-L6-v2,860,9.33,46.73,56.06
Chroma_Docker,all-MiniLM-L6-v2,861,8.26,47.94,56.2
Chroma_Docker,all-MiniLM-L6-v2,862,7.99,47.84,55.83
Chroma_Docker,all-MiniLM-L6-v2,863,6.61,45.22,51.83
Chroma_Docker,all-MiniLM-L6-v2,864,9.08,47.28,56.37
Chroma_Docker,all-MiniLM-L6-v2,865,8.63,47.26,55.89
Chroma_Docker,all-MiniLM-L6-v2,866,9.47,46.28,55.75
Chroma_Docker,all-MiniLM-L6-v2,867,9.06,47.07,56.13
Chroma_Docker,all-MiniLM-L6-v2,868,7.25,45.02,52.28
Chroma_Docker,all-MiniLM-L6-v2,869,8.73,46.91,55.64
Chroma_Docker,all-MiniLM-L6-v2,870,9.09,47.0,56.08
Chroma_Docker,all-MiniLM-L6-v2,871,8.99,47.1,56.08
Chroma_Docker,all-MiniLM-L6-v2,872,7.81,47.94,55.76
Chroma_Docker,all-MiniLM-L6-v2,873,8.35,47.65,56.01
Chroma_Docker,all-MiniLM-L6-v2,874,7.09,45.23,52.31
Chroma_Docker,all-MiniLM-L6-v2,875,8.47,47.24,55.71
Chroma_Docker,all-MiniLM-L6-v2,876,9.49,46.8,56.29
Chroma_Docker,all-MiniLM-L6-v2,877,10.18,45.94,56.11
Chroma_Docker,all-MiniLM-L6-v2,878,7.62,48.37,55.99
Chroma_Docker,all-MiniLM-L6-v2,879,6.91,44.54,51.45
Chroma_Docker,all-MiniLM-L6-v2,880,7.78,44.16,51.94
Chroma_Docker,all-MiniLM-L6-v2,881,7.8,44.52,52.31
Chroma_Docker,all-MiniLM-L6-v2,882,6.47,45.14,51.61
Chroma_Docker,all-MiniLM-L6-v2,883,6.62,45.69,52.31
Chroma_Docker,all-MiniLM-L6-v2,884,6.67,49.17,55.84
Chroma_Docker,all-MiniLM-L6-v2,885,6.37,45.97,52.35
Chroma_Docker,all-MiniLM-L6-v2,886,7.2,48.49,55.68
Chroma_Docker,all-MiniLM-L6-v2,887,8.65,51.11,59.76
Chroma_Docker,all-MiniLM-L6-v2,888,7.86,44.53,52.39
Chroma_Docker,all-MiniLM-L6-v2,889,9.09,46.83,55.92
Chroma_Docker,all-MiniLM-L6-v2,890,7.22,44.4,51.62
Chroma_Docker,all-MiniLM-L6-v2,891,7.26,44.96,52.22
Chroma_Docker,all-MiniLM-L6-v2,892,6.95,45.15,52.11
Chroma_Docker,all-MiniLM-L6-v2,893,6.47,45.26,51.73
Chroma_Docker,all-MiniLM-L6-v2,894,6.9,45.46,52.36
Chroma_Docker,all-MiniLM-L6-v2,895,8.68,47.75,56.43
Chroma_Docker,all-MiniLM-L6-v2,896,10.37,49.68,60.05
Chroma_Docker,all-MiniLM-L6-v2,897,8.23,47.31,55.54
Chroma_Docker,all-MiniLM-L6-v2,898,8.86,47.03,55.89
Chroma_Docker,all-MiniLM-L6-v2,899,8.95,47.19,56.14
Chroma_Docker,all-MiniLM-L6-v2,900,9.11,46.52,55.64
Chroma_Docker,all-MiniLM-L6-v2,901,8.92,47.19,56.11
Chroma_Docker,all-MiniLM-L6-v2,902,8.66,47.07,55.73
Chroma_Docker,all-MiniLM-L6-v2,903,9.75,46.3,56.05
Chroma_Docker,all-MiniLM-L6-v2,904,6.85,45.41,52.26
Chroma_Docker,all-MiniLM-L6-v2,905,8.58,47.25,55.83
Chroma_Docker,all-MiniLM-L6-v2,906,7.72,44.26,51.98
Chroma_Docker,all-MiniLM-L6-v2,907,6.54,45.62,52.16
Chroma_Docker,all-MiniLM-L6-v2,908,6.18,45.44,51.62
Chroma_Docker,all-MiniLM-L6-v2,909,9.06,47.05,56.11
Chroma_Docker,all-MiniLM-L6-v2,910,8.62,47.36,55.98
Chroma_Docker,all-MiniLM-L6-v2,911,6.73,45.2,51.93
Chroma_Docker,all-MiniLM-L6-v2,912,8.93,46.85,55.79
Chroma_Docker,all-MiniLM-L6-v2,913,6.46,45.82,52.29
Chroma_Docker,all-MiniLM-L6-v2,914,7.17,44.67,51.83
Chroma_Docker,all-MiniLM-L6-v2,915,6.38,45.65,52.03
Chroma_Docker,all-MiniLM-L6-v2,916,8.33,47.64,55.97
Chroma_Docker,all-MiniLM-L6-v2,917,8.89,47.26,56.16
Chroma_Docker,all-MiniLM-L6-v2,918,7.19,44.98,52.17
Chroma_Docker,all-MiniLM-L6-v2,919,6.64,45.14,51.78
Chroma_Docker,all-MiniLM-L6-v2,920,8.85,47.11,55.96
Chroma_Docker,all-MiniLM-L6-v2,921,8.31,47.71,56.01
Chroma_Docker,all-MiniLM-L6-v2,922,7.05,45.05,52.1
Chroma_Docker,all-MiniLM-L6-v2,923,7.5,44.14,51.64
Chroma_Docker,all-MiniLM-L6-v2,924,6.6,45.91,52.51
Chroma_Docker,all-MiniLM-L6-v2,925,8.52,47.22,55.74
Chroma_Docker,all-MiniLM-L6-v2,926,6.6,45.24,51.84
Chroma_Docker,all-MiniLM-L6-v2,927,6.87,45.07,51.93
Chroma_Docker,all-MiniLM-L6-v2,928,8.8,47.47,56.27
Chroma_Docker,all-MiniLM-L6-v2,929,8.72,46.89,55.61
Chroma_Docker,all-MiniLM-L6-v2,930,8.74,47.37,56.11
Chroma_Docker,all-MiniLM-L6-v2,931,7.66,44.46,52.12
Chroma_Docker,all-MiniLM-L6-v2,932,8.55,47.63,56.18
Chroma_Docker,all-MiniLM-L6-v2,933,8.44,47.38,55.82
Chroma_Docker,all-MiniLM-L6-v2,934,8.74,47.23,55.97
Chroma_Docker,all-MiniLM-L6-v2,935,7.66,44.42,52.08
Chroma_Docker,all-MiniLM-L6-v2,936,8.35,47.33,55.68
Chroma_Docker,all-MiniLM-L6-v2,937,8.55,47.92,56.47
Chroma_Docker,all-MiniLM-L6-v2,938,6.64,45.13,51.77
Chroma_Docker,all-MiniLM-L6-v2,939,8.77,47.02,55.79
Chroma_Docker,all-MiniLM-L6-v2,940,6.34,45.91,52.25
Chroma_Docker,all-MiniLM-L6-v2,941,5.97,45.95,51.91
Chroma_Docker,all-MiniLM-L6-v2,942,7.22,44.55,51.77
Chroma_Docker,all-MiniLM-L6-v2,943,7.31,44.45,51.76
Chroma_Docker,all-MiniLM-L6-v2,944,6.75,45.47,52.22
Chroma_Docker,all-MiniLM-L6-v2,945,6.97,45.2,52.17
Chroma_Docker,all-MiniLM-L6-v2,946,6.36,45.55,51.91
Chroma_Docker,all-MiniLM-L6-v2,947,9.33,46.47,55.8
Chroma_Docker,all-MiniLM-L6-v2,948,6.67,45.46,52.14
Chroma_Docker,all-MiniLM-L6-v2,949,8.91,47.2,56.1
Chroma_Docker,all-MiniLM-L6-v2,950,6.62,45.1,51.72
Chroma_Docker,all-MiniLM-L6-v2,951,8.6,47.79,56.39
Chroma_Docker,all-MiniLM-L6-v2,952,8.21,47.38,55.59
Chroma_Docker,all-MiniLM-L6-v2,953,7.07,45.13,52.19
Chroma_Docker,all-MiniLM-L6-v2,954,8.39,47.35,55.74
Chroma_Docker,all-MiniLM-L6-v2,955,6.94,45.29,52.23
Chroma_Docker,all-MiniLM-L6-v2,956,8.71,47.23,55.94
Chroma_Docker,all-MiniLM-L6-v2,957,8.01,48.35,56.36
Chroma_Docker,all-MiniLM-L6-v2,958,8.77,46.82,55.59
Chroma_Docker,all-MiniLM-L6-v2,959,8.58,47.33,55.92
Chroma_Docker,all-MiniLM-L6-v2,960,8.02,44.3,52.32
Chroma_Docker,all-MiniLM-L6-v2,961,7.0,44.71,51.71
Chroma_Docker,all-MiniLM-L6-v2,962,8.65,47.28,55.93
Chroma_Docker,all-MiniLM-L6-v2,963,8.04,44.15,52.2
Chroma_Docker,all-MiniLM-L6-v2,964,7.13,44.73,51.86
Chroma_Docker,all-MiniLM-L6-v2,965,8.39,47.78,56.16
Chroma_Docker,all-MiniLM-L6-v2,966,7.04,44.97,52.02
Chroma_Docker,all-MiniLM-L6-v2,967,8.41,47.42,55.82
Chroma_Docker,all-MiniLM-L6-v2,968,6.53,45.64,52.18
Chroma_Docker,all-MiniLM-L6-v2,969,8.1,47.76,55.85
Chroma_Docker,all-MiniLM-L6-v2,970,6.45,45.91,52.36
Chroma_Docker,all-MiniLM-L6-v2,971,9.6,46.14,55.73
Chroma_Docker,all-MiniLM-L6-v2,972,8.33,47.49,55.82
Chroma_Docker,all-MiniLM-L6-v2,973,6.99,44.97,51.96
Chroma_Docker,all-MiniLM-L6-v2,974,8.79,47.12,55.91
Chroma_Docker,all-MiniLM-L6-v2,975,7.02,44.99,52.01
Chroma_Docker,all-MiniLM-L6-v2,976,9.24,47.19,56.43
Chroma_Docker,all-MiniLM-L6-v2,977,9.04,46.71,55.75
Chroma_Docker,all-MiniLM-L6-v2,978,8.68,47.2,55.89
Chroma_Docker,all-MiniLM-L6-v2,979,8.71,47.07,55.78
Chroma_Docker,all-MiniLM-L6-v2,980,9.02,51.24,60.27
Chroma_Docker,all-MiniLM-L6-v2,981,6.46,45.33,51.8
Chroma_Docker,all-MiniLM-L6-v2,982,7.34,44.78,52.13
Chroma_Docker,all-MiniLM-L6-v2,983,9.37,46.59,55.96
Chroma_Docker,all-MiniLM-L6-v2,984,6.72,45.33,52.05
Chroma_Docker,all-MiniLM-L6-v2,985,8.8,47.02,55.83
Chroma_Docker,all-MiniLM-L6-v2,986,8.83,47.11,55.94
Chroma_Docker,all-MiniLM-L6-v2,987,8.27,47.84,56.11
Chroma_Docker,all-MiniLM-L6-v2,988,9.16,46.72,55.88
Chroma_Docker,all-MiniLM-L6-v2,989,8.6,47.42,56.02
Chroma_Docker,all-MiniLM-L6-v2,990,6.92,45.15,52.07
Chroma_Docker,all-MiniLM-L6-v2,991,7.42,44.83,52.25
Chroma_Docker,all-MiniLM-L6-v2,992,7.88,47.87,55.76
Chroma_Docker,all-MiniLM-L6-v2,993,8.08,47.91,55.99
Chroma_Docker,all-MiniLM-L6-v2,994,9.65,46.27,55.93
Chroma_Docker,all-MiniLM-L6-v2,995,8.55,47.98,56.54
Chroma_Docker,all-MiniLM-L6-v2,996,7.55,47.87,55.42
Chroma_Docker,all-MiniLM-L6-v2,997,8.12,47.91,56.03
Chroma_Docker,all-MiniLM-L6-v2,998,6.36,45.65,52.01
Chroma_Docker,all-MiniLM-L6-v2,999,6.66,45.21,51.87
