Pregunta,Respuesta_Generada,Respuesta_Esperada,Nota_Correctness,Justificacion
Rhythmic gymnastics places greater emphaises on aesthetics rather than what?,Acrobatics.,The correct answer to the question 'Rhythmic gymnastics places greater emphaises on aesthetics rather than what?' is: the acrobatic,0.3970152422959383,"The actual output 'Acrobatics' partially addresses the expected output by identifying the core truth that rhythmic gymnastics emphasizes aesthetics over acrobatics. However, it lacks the clarity and completeness of the expected output, which explicitly states the question and provides a more comprehensive answer. Additionally, the actual output does not incorporate any relevant details from the retrieval context, which could have enhanced its depth and context."
In what year did Southampton's fourth cruise terminal open in the western docklands?,2009,The correct answer to the question 'In what year did Southampton's fourth cruise terminal open in the western docklands?' is: 2009,0.8127913284592457,"The actual output provides the correct year, 2009, which aligns with the core truth of the expected output. However, it lacks the additional context and phrasing present in the expected output, which explicitly states the question and provides a complete sentence. While the core truth is present, the response could be improved by including more context to enhance clarity and completeness."
What was the primary use of Japanese submarines?,"The primary use of Japanese submarines was long-range reconnaissance, with occasional attacks on Allied supply lines.",The correct answer to the question 'What was the primary use of Japanese submarines?' is: long-range reconnaissance,0.7951858715576695,"The actual output correctly identifies the primary use of Japanese submarines as long-range reconnaissance, which aligns with the expected output. It also provides additional context about their occasional attacks on Allied supply lines, enhancing the response without detracting from the core truth. However, the response could be slightly more concise to match the directness of the expected output."
In which year did Popper give a secret interview concerning his views about God?,1969,The correct answer to the question 'In which year did Popper give a secret interview concerning his views about God?' is: 1969,0.7770339964869241,"The actual output correctly identifies the year 1969, which is the core truth of the expected output. However, it lacks the additional context provided in the expected output that specifies the question being answered. While the actual output is accurate, it does not explicitly state that it is the answer to the question about Popper's secret interview, which would enhance clarity and completeness."
Which Iranian scientist co-invented the first gas laser?,Ali Javan.,The correct answer to the question 'Which Iranian scientist co-invented the first gas laser?' is: Ali Javan,0.7905349799329734,"The actual output correctly identifies Ali Javan as the co-inventor of the first gas laser, aligning with the core truth of the expected output. However, it lacks the additional context provided in the expected output, such as the phrasing of the question and the explicit statement that this is the correct answer. While the response is accurate, it could be improved by including more detail to enhance clarity and context."
Of what area was Valencia the largest city?,Valencia is the largest city in the autonomous community of Valencia.,The correct answer to the question 'Of what area was Valencia the largest city?' is: Crown of Aragon,0.21236947363573316,"The actual output provides some factual information about Valencia being the largest city in its autonomous community, but it fails to address the core truth of the expected output, which specifically identifies Valencia as the largest city of the Crown of Aragon. The actual output does not mention the Crown of Aragon at all, indicating a significant shortcoming in aligning with the expected answer."
When did Israel host and win the Asian Nations Cup?,Israel hosted and won the Asian Nations Cup in 1964.,The correct answer to the question 'When did Israel host and win the Asian Nations Cup?' is: 1964,0.7956259735394653,"The actual output correctly identifies the year 1964 as the time when Israel hosted and won the Asian Nations Cup, which aligns with the core truth of the expected output. However, it lacks the explicit phrasing of the question and the structured format of the expected output, which diminishes clarity. The additional context about Israel's participation in the Asian Nations Cup adds relevant detail but is somewhat extraneous to the core question."
Miami is located in which Florida county?,Miami is located in Miami-Dade County.,The correct answer to the question 'Miami is located in which Florida county?' is: Miami-Dade County,0.788368793474167,"The actual output correctly identifies Miami's location in Miami-Dade County, which aligns with the core truth of the expected output. However, it lacks the explicit phrasing of the expected output that frames the answer as a response to a question, which slightly diminishes its clarity. The response could have included more context or details from the retrieval context to enhance its comprehensiveness, but it remains accurate and relevant."
How many freshwater fish species can be found in Portugal?,More than 100 freshwater fish species.,The correct answer to the question 'How many freshwater fish species can be found in Portugal?' is: more than 100,0.839957096187737,"The actual output correctly identifies the core truth of the expected output by stating 'more than 100 freshwater fish species,' which aligns with the expected answer. However, it lacks the explicit phrasing of the question and the context provided in the expected output, which could enhance clarity. While it does not deviate from the core truth, it could have included additional relevant details from the retrieval context to provide a more comprehensive answer."
How many people in Kazakhstan speak Russian natively?,"Approximately 4,200,000 people in Kazakhstan speak Russian natively.","The correct answer to the question 'How many people in Kazakhstan speak Russian natively?' is: 4,200,000",0.8458207722466898,"The actual output correctly identifies the number of native Russian speakers in Kazakhstan as 4,200,000, which aligns with the expected output. However, it lacks the explicit phrasing 'The correct answer to the question...' found in the expected output, which would enhance clarity. The additional context provided in the retrieval context is relevant but not included in the actual output, which could have made it more comprehensive."
A medical staff training college named in his honor is how many miles away from his birthplace?,The information provided does not specify distances from a birthplace to any medical staff training college. Please provide more details for an accurate answer.,The correct answer to the question 'A medical staff training college named in his honor is how many miles away from his birthplace?' is: 16,0.22367061740634506,"The actual output fails to provide the specific distance of 16 miles from the birthplace to the medical staff training college, which is the core truth of the expected output. While it correctly identifies the lack of information, it does not address the question directly or provide any relevant details from the retrieval context that could help answer it."
"Besides being the official language and language of education, what other group uses Catalan?",Catalan is also used in mass media and by cultural associations like La Bressola for language immersion programs.,"The correct answer to the question 'Besides being the official language and language of education, what other group uses Catalan?' is: mass media",0.7083953599836413,"The actual output correctly identifies 'mass media' as a group that uses Catalan, which aligns with the core truth of the expected output. However, it includes additional details about cultural associations and language immersion programs, which, while relevant, may detract from the simplicity of the expected answer. Overall, it provides a comprehensive response but could be more concise."
What happens when a doctor doesn't know the microorganism yet?,"The doctor administers empirical therapy, typically a broad-spectrum antibiotic, while awaiting identification of the microorganism.",The correct answer to the question 'What happens when a doctor doesn't know the microorganism yet?' is: broad spectrum antibiotic,0.8059566115255175,"The actual output correctly identifies the administration of a broad-spectrum antibiotic as part of empirical therapy, which aligns with the core truth of the expected output. It provides additional context about the process of empirical therapy and the rationale behind using broad-spectrum antibiotics, enhancing the response's comprehensiveness. However, it could be more concise to match the simplicity of the expected output."
In what years was CP1251 encoding used in most Russian online usage?,CP1251 encoding was used in most Russian online usage from approximately 1995 to 2005.,The correct answer to the question 'In what years was CP1251 encoding used in most Russian online usage?' is: 1995–2005,0.6748699137127279,"The actual output correctly identifies the years CP1251 encoding was used in most Russian online usage, aligning with the core truth of the expected output. However, it lacks the explicit phrasing of the question and the format of the answer, which diminishes its clarity. While it provides relevant context about the encoding's usage, it does not detract from the core truth, but it could be more concise to match the expected output's directness."
Could a club appeal a requirement?,"Yes, clubs can appeal player suspensions if they believe a referee was incorrect or unduly harsh.","The correct answer to the question 'Could a club appeal a requirement?' is: If a player does not meet those criteria, the club wishing to sign him may appeal.",0.5183945553314675,"The actual output correctly addresses the possibility of clubs appealing player suspensions, which aligns with the core truth of the expected output regarding appeals. However, it does not directly answer the specific question about appealing a requirement related to player eligibility, which is the focus of the expected output. While it provides relevant information, it lacks the comprehensive detail found in the expected output regarding the criteria for player eligibility and the appeal process."
How much of a decrease in sales have Windows devices experienced?,Windows device sales have decreased 21% compared to the same time period in 2011.,The correct answer to the question 'How much of a decrease in sales have Windows devices experienced?' is: 21 percent,0.7849973203249534,"The actual output correctly identifies the core truth of the expected output by stating that Windows device sales have decreased by 21%. However, it lacks the explicit phrasing of '21 percent' as requested in the expected output, which slightly detracts from its alignment. The additional context provided in the retrieval context is relevant and supports the statement, enhancing the overall understanding of the sales decline."
Which scholar believes the Quran's fragmentary writing style is an effective literary device for a prophetic message?,Michael Sells.,The correct answer to the question 'Which scholar believes the Quran's fragmentary writing style is an effective literary device for a prophetic message?' is: Michael Sells,0.7902437035824312,"The actual output correctly identifies Michael Sells as the scholar in question, aligning with the core truth of the expected output. However, it lacks the additional context provided in the expected output, such as the phrasing of the question and the explicit statement that this is the correct answer. While the response is accurate, it could be improved by including more detail to enhance clarity and completeness."
What book did Thomas Burnet right in 1681?,"Thomas Burnet wrote ""Sacred Theory of the Earth"" in 1681.",The correct answer to the question 'What book did Thomas Burnet right in 1681?' is: Sacred Theory of the Earth,0.7987326492702425,"The actual output correctly identifies the book 'Sacred Theory of the Earth' and the year 1681, which aligns with the core truth of the expected output. However, it lacks the explicit phrasing of the question and the introductory phrase found in the expected output, which diminishes its clarity. The retrieval context provides additional relevant information about Burnet's work, enhancing the response's depth without detracting from the core answer."
What year was the turning point for Germany in the Nation Brands Index?,2006 (after the FIFA World Cup).,The correct answer to the question 'What year was the turning point for Germany in the Nation Brands Index?' is: 2006,0.7349359257275017,"The actual output correctly identifies the year 2006 as the turning point for Germany in the Nation Brands Index, aligning with the expected output. However, it lacks the explicit phrasing of the question and the context provided in the expected output, which could enhance clarity. The additional details in the retrieval context about Germany's national image post-2006 are relevant but not directly included in the actual output, which slightly detracts from its comprehensiveness."
How are the Houston Community College and Lone Star College systems ranked among educational facilities?,They are among the 10 largest institutions of higher learning in the U.S.,The correct answer to the question 'How are the Houston Community College and Lone Star College systems ranked among educational facilities?' is: within the 10 largest,0.8816690064383265,"The actual output correctly identifies that the Houston Community College and Lone Star College systems are among the 10 largest institutions of higher learning in the U.S., which aligns with the core truth of the expected output. However, it lacks the explicit phrasing 'within the 10 largest' found in the expected output, which slightly detracts from its alignment. The response is clear and relevant, and it does not include unnecessary details that would detract from the core truth."
Where did Chinese merchants explore? ,Chinese merchants explored the Indian Ocean and reached East Africa.,The correct answer to the question 'Where did Chinese merchants explore? ' is: all of the Indian Ocean,0.6885956765236976,"The actual output correctly identifies that Chinese merchants explored the Indian Ocean and reached East Africa, which aligns with the core truth of the expected output. However, it lacks the explicit mention of 'all of the Indian Ocean,' which is a key detail in the expected output. While the response provides relevant information, it could enhance clarity by directly addressing the full scope of the exploration as stated in the expected output."
What was the film that Madonna starred in 2000?,Madonna did not star in a film in 2000.,The correct answer to the question 'What was the film that Madonna starred in 2000?' is: The Next Best Thing,0.12939381221175966,"The actual output incorrectly states that Madonna did not star in a film in 2000, which directly contradicts the expected output that identifies 'The Next Best Thing' as the film she starred in that year. While the actual output is clear, it fails to address the core truth of the expected output, leading to a significant misalignment."
Who did France restore into power?,France restored the Bourbon Dynasty to power.,The correct answer to the question 'Who did France restore into power?' is: Dacko,0.1,"The actual output states that France restored the Bourbon Dynasty to power, which does not align with the expected output that identifies Dacko as the correct answer to the question. The core truth of the expected output is completely absent in the actual output, and there are no additional relevant details that enhance understanding or relate to the expected answer."
How many students were enrolled in primary school in 2010?,"In 2010, there were 5,040 pupils enrolled in primary school in Bern.",The correct answer to the question 'How many students were enrolled in primary school in 2010?' is: 230,0.09556191304343718,"The actual output states that there were 5,040 pupils enrolled in primary school in Bern in 2010, which contradicts the expected output of 230 pupils. The core truth of the expected output is not present in the actual output, and there are no additional relevant details that support the expected answer. Therefore, the response fails to align with the evaluation steps."
Are attendance remittances that important to the Premier League?,"Yes, stadium attendances are a significant source of regular income for Premier League clubs.",The correct answer to the question 'Are attendance remittances that important to the Premier League?' is: Stadium attendances are a significant source of regular income for Premier League clubs.,0.7796711719273888,"The actual output correctly identifies that stadium attendances are a significant source of income for Premier League clubs, which aligns with the core truth of the expected output. However, it lacks the explicit framing of the answer to the posed question, which diminishes its clarity. While it does not include additional details from the retrieval context, it remains focused on the core truth, which is adequately addressed."
"After Tripoli was conquered, where did Gaddafi go?",Gaddafi took control of the Berka barracks in Benghazi.,"The correct answer to the question 'After Tripoli was conquered, where did Gaddafi go?' is: Sirte",0.18539065633944124,"The actual output fails to address the core question regarding Gaddafi's location after the conquest of Tripoli, instead providing information about his control of the Berka barracks in Benghazi. This does not align with the expected output, which clearly states that Gaddafi went to Sirte. While the actual output contains relevant historical context, it does not answer the specific question posed."
Which was the first Spanish city founded in the region?,"Santa Barbara, founded in 1567.",The correct answer to the question 'Which was the first Spanish city founded in the region?' is: Santa Barbara,0.6409415873093447,"The actual output identifies Santa Barbara as the first Spanish city founded in the region, which aligns with the core truth of the expected output. However, it lacks the explicit phrasing of the question and the structured format of the expected output, which diminishes clarity. While it provides a historical fact, it does not fully incorporate the context or additional relevant details that could enhance understanding, such as the year of establishment or the context of its founding."
What was the Qing reorganization of the Tibetan called?,"The Qing reorganization of Tibet was called the ""Twenty-Nine Regulations for Better Government in Tibet.""",The correct answer to the question 'What was the Qing reorganization of the Tibetan called?' is: Twenty-Nine Regulations for Better Government in Tibet,0.8243346782162753,"The actual output correctly identifies the Qing reorganization of Tibet as the 'Twenty-Nine Regulations for Better Government in Tibet,' which aligns with the core truth of the expected output. However, it lacks the explicit framing of the answer as a response to the question posed, which is a minor shortcoming. The output does not include additional relevant details from the retrieval context, but it remains focused on the core truth without unnecessary deviation."
Who created the formula E = mc2?,Albert Einstein (1905).,The correct answer to the question 'Who created the formula E = mc2?' is: Albert Einstein,0.4599876504209274,"The actual output identifies Albert Einstein and the year 1905, which is relevant to the expected output. However, it lacks the explicit statement that he created the formula E = mc², which is the core truth of the expected output. While the retrieval context provides additional information about the formula's significance, the actual output does not effectively convey the complete answer, leading to a partial alignment with the evaluation steps."
In what treatise did negative numbers first appear?,Negative numbers first appeared in the *Nine Chapters on the Mathematical Art*.,The correct answer to the question 'In what treatise did negative numbers first appear?' is: the Nine Chapters on the Mathematical Art,0.7667180778299114,"The actual output correctly identifies that negative numbers first appeared in the *Nine Chapters on the Mathematical Art*, which aligns with the core truth of the expected output. However, it lacks the explicit phrasing of the expected output, which states the answer in a more formal manner. While the actual output provides relevant context about the historical significance of negative numbers, it could have been more comprehensive by including the phrase 'the correct answer to the question' as in the expected output."
What type of political religious beliefs does Elizabeth seemed to support?,Elizabeth supports inter-faith relations and is a member of the Church of England and the national Church of Scotland.,The correct answer to the question 'What type of political religious beliefs does Elizabeth seemed to support?' is: inter-faith relations,0.776659212635088,"The actual output correctly identifies Elizabeth's support for inter-faith relations, which aligns with the core truth of the expected output. However, it includes additional details about her membership in the Church of England and the Church of Scotland, which, while relevant, could distract from the primary focus of her political religious beliefs. Overall, the response is informative and enhances understanding without misleading."
"Because of low sanitation coverage 17,000 Egyptian children to die each year from what condition?",Diarrhoea.,"The correct answer to the question 'Because of low sanitation coverage 17,000 Egyptian children to die each year from what condition?' is: diarrhoea",0.7020803790156818,"The actual output correctly identifies 'diarrhoea' as the condition related to low sanitation coverage, aligning with the core truth of the expected output. However, it lacks the context and completeness of the expected output, which explicitly states the question and provides a full sentence. While the core truth is present, the response could be improved by including additional context to enhance understanding."
What country has the largest population of Buddhists?,"China, with approximately 244 million Buddhists.",The correct answer to the question 'What country has the largest population of Buddhists?' is: China,0.8165734832849341,"The actual output correctly identifies China as the country with the largest population of Buddhists, aligning with the core truth of the expected output. It provides the specific number of approximately 244 million Buddhists, which adds relevant detail without detracting from the main answer. However, it could have more explicitly stated that this is the answer to the posed question, which would enhance clarity."
What country has provided Burma with the most military aid ?,China has provided Burma with the most military aid.,The correct answer to the question 'What country has provided Burma with the most military aid ?' is: Myanmar has received extensive military aid from China,0.6342438082794153,"The actual output correctly identifies China as the provider of military aid to Burma, aligning with the core truth of the expected output. However, it lacks the specificity and clarity of the expected output, which explicitly states that Myanmar has received extensive military aid from China. The actual output could be improved by including the term 'Myanmar' instead of 'Burma' and by emphasizing the extent of the aid, which would enhance understanding without detracting from the core message."
When was the Release Preview revealed to consumers?,"The Release Preview was revealed to consumers on May 31, 2012.","The correct answer to the question 'When was the Release Preview revealed to consumers?' is: May 31, 2012",0.8844582186730758,"The actual output correctly identifies the date when the Release Preview was revealed to consumers, which aligns with the core truth of the expected output. While it lacks the explicit phrasing of the expected output, it provides the essential information clearly. The additional context in the retrieval does not detract from the core truth, and the response is accurate and relevant."
What type of population lives in Tiahuac?,"Tiahuac is home to a diverse population, including significant communities of expatriates from North and South America, Europe, Asia-Pacific, and historical Filipino settlers. Official figures are unavailable, but estimates suggest substantial numbers across these groups.",The correct answer to the question 'What type of population lives in Tiahuac?' is: rural,0.2066221150765457,"The actual output provides information about the diverse population of Tiahuac, which is not aligned with the expected output that states the population is 'rural.' While the actual output includes relevant details about expatriate communities, it fails to address the core truth of the expected output, which is a specific classification of the population type. Thus, it does not fulfill the primary requirement of accurately answering the question posed."
Who invented the beer pump in England?,John Lofting.,The correct answer to the question 'Who invented the beer pump in England?' is: John Lofting,0.726277581965792,"The actual output correctly identifies John Lofting as the inventor of the beer pump, aligning with the core truth of the expected output. However, it lacks the additional context provided in the expected output, such as the phrasing of the question and the explicit statement 'The correct answer to the question...'. While the core truth is present, the response could be improved by including more detail from the retrieval context to enhance comprehensiveness."
What university is in Raleigh?,North Carolina State University and Shaw University.,The correct answer to the question 'What university is in Raleigh?' is: North Carolina State University,0.6526836910854749,"The actual output correctly identifies North Carolina State University as a university in Raleigh, which aligns with the core truth of the expected output. However, it also includes Shaw University, which, while relevant, is not part of the expected answer. The additional detail does not detract from the core truth but could be seen as unnecessary for the specific question asked. Overall, the response is accurate and informative, but slightly less focused than the expected output."
What was code pleading ultimately replaced by?,Code pleading was ultimately replaced by modern notice pleading.,The correct answer to the question 'What was code pleading ultimately replaced by?' is: modern notice pleading,0.7894527564134483,"The actual output correctly identifies that code pleading was replaced by modern notice pleading, which aligns with the core truth of the expected output. However, it lacks the explicit phrasing of the expected output, which directly states the question and answer format. While the response is accurate and relevant, it could enhance clarity by mirroring the structure of the expected output more closely."
"What did Shurden claim was never ideal, has often produced positive results?","Shurden claimed that schism, though never ideal, has often produced positive results.","The correct answer to the question 'What did Shurden claim was never ideal, has often produced positive results?' is: controversies that have shaped Baptists",0.3431815340204699,"The actual output mentions Shurden's claim about schism producing positive results, which aligns with the expected output's focus on controversies that shaped Baptists. However, it fails to directly answer the question posed in the expected output, which specifically asks for what was claimed to be 'never ideal' and 'has often produced positive results.' The core truth is partially present but not accurately represented, as it does not explicitly connect schism to the broader context of controversies that shaped Baptists."
What other group of people does Seattle have the largest percentage of in the US?,Seattle has the highest percentage of same-sex households in the U.S. at 2.6%.,The correct answer to the question 'What other group of people does Seattle have the largest percentage of in the US?' is: self-identified mixed-race,0.2457077735181675,"The actual output mentions Seattle's high percentage of same-sex households, which is relevant but does not address the expected output regarding the largest percentage of self-identified mixed-race individuals. While it provides some demographic information, it fails to convey the core truth of the expected output, leading to a significant misalignment."
How many rpm did the electrically powered synchronous turanable motor run at?,3600 rpm.,The correct answer to the question 'How many rpm did the electrically powered synchronous turanable motor run at?' is: 3600 rpm,0.7975563047897362,"The actual output provides the correct rpm value of 3600, which aligns with the expected output. However, it lacks the contextual framing present in the expected output, which explicitly states the question being answered. While the core truth is present, the response could be improved by including a more complete sentence that mirrors the expected output's structure."
What is a single panel door referred to as?,"A single panel door is referred to as a ""slab"" door.","The correct answer to the question 'What is a single panel door referred to as?' is: ""slab"" door",0.8309095853550638,"The actual output correctly identifies that a single panel door is referred to as a 'slab' door, which aligns with the core truth of the expected output. However, it lacks the explicit phrasing of the expected output, which includes the question and the phrase 'the correct answer is'. While the actual output is accurate and concise, it could have been more comprehensive by incorporating the context of the question format."
What percentage of Africans make up NYC?,"As of the 2010 Census, Black or African American individuals made up 38.29% of the Bronx's population, with over 61,000 identifying as ""Sub-Saharan African."" However, no specific percentage for Africans in all of NYC is provided in the data.",The correct answer to the question 'What percentage of Africans make up NYC?' is: 25.5,0.3241443392822464,"The actual output provides some demographic information about the Bronx's population, including the percentage of Black or African American individuals and those identifying as 'Sub-Saharan African.' However, it fails to directly answer the core question regarding the percentage of Africans in NYC, which is explicitly stated in the expected output as 25.5. While the actual output includes relevant details, it does not align with the core truth of the expected output."
What two exports has the Congo begun producing recently?,Natural gas and diamonds.,The correct answer to the question 'What two exports has the Congo begun producing recently?' is: Natural gas and diamonds,0.8244393943671626,"The actual output correctly identifies the two exports, 'Natural gas and diamonds', which aligns with the core truth of the expected output. However, it lacks the introductory phrase present in the expected output, which explicitly states it as the answer to the question. While the core truth is present, the absence of this framing reduces the overall clarity and completeness of the response."
Who was the Army Chief of Staff at this time?,The text does not specify who the Army Chief of Staff was during the mentioned time.,The correct answer to the question 'Who was the Army Chief of Staff at this time?' is: General Martin Dempsey,0.22437083523077045,"The actual output fails to provide the correct answer to the question regarding the Army Chief of Staff, which is a critical aspect of the expected output. While it correctly notes the absence of specific information, it does not articulate the core truth that General Martin Dempsey was the Army Chief of Staff at the relevant time. This lack of alignment with the expected output significantly detracts from its effectiveness."
What was the name of the legislative body that was brought into existance in 1989?,Congress of People's Deputies.,The correct answer to the question 'What was the name of the legislative body that was brought into existance in 1989?' is: Congress of People's Deputies,0.835540061678403,"The actual output correctly identifies the 'Congress of People's Deputies' as the legislative body established in 1989, aligning with the core truth of the expected output. However, it lacks the additional context provided in the expected output, such as the phrasing of the question and the explicit statement that this is the correct answer. While the actual output is accurate, it could be improved by including more detail to enhance clarity and context."
What caused the sea to rise during the Jurassic?,Increased seafloor spreading and the formation of new crust.,The correct answer to the question 'What caused the sea to rise during the Jurassic?' is: increase in seafloor,0.7732744286891585,"The actual output correctly identifies the core truth of the expected output by stating that the increase in seafloor spreading caused the sea to rise during the Jurassic. It also includes additional relevant details about the formation of new crust, which enhances the explanation without detracting from the core truth. However, it could have more explicitly referenced the context of the Jurassic period to strengthen its connection to the expected output."
Who directed 'Batman'?,Tim Burton directed 'Batman'.,The correct answer to the question 'Who directed 'Batman'?' is: Tim Burton,0.8290490613106625,"The actual output correctly identifies Tim Burton as the director of 'Batman', which aligns with the core truth of the expected output. However, it lacks the explicit phrasing 'The correct answer to the question...' found in the expected output, which would have made it more aligned with the expected format. Despite this, the response is accurate and directly answers the question."
What happened to British Isles area when the ice melted after the last ice age?,"As the ice melted after the last ice age, sea levels rose, separating Ireland from Great Britain and creating the Isle of Man. Great Britain became an island approximately 5,600 BC.",The correct answer to the question 'What happened to British Isles area when the ice melted after the last ice age?' is: sea levels rose,0.714102000151901,"The actual output correctly identifies the core truth that sea levels rose after the last ice age, which aligns with the expected output. However, it provides additional historical context about the separation of Ireland and Great Britain and the creation of the Isle of Man, which, while relevant, may detract from the simplicity of the expected answer. Overall, the response is informative and detailed, but it could be more concise to match the expected output's focus."
